"Bug ID","Product","Component","Assignee","Status","Resolution","Summary","Changed"
1173349,"Fedora","dnf",,"CLOSED","RAWHIDE","wildcard doesn't work properly when downgrade","2017-02-10 10:55:19"
1199432,"Fedora","dnf",,"CLOSED","RAWHIDE","dnf package spec should contain wildcard in release part","2017-05-18 05:02:48"
1226724,"Fedora","dnf",,"CLOSED","NEXTRELEASE","dnf redownloads metadata already downloaded with the same checksums","2017-05-05 08:42:51"
1249129,"Fedora","rpkg",,"CLOSED","RAWHIDE","Fix {,Build}Requires","2016-09-06 14:12:57"
1255569,"Fedora","dnf",,"CLOSED","RAWHIDE","upgrade produces a list of skipped src packages","2017-03-27 11:53:21"
1276611,"Fedora","dnf",,"CLOSED","ERRATA","dnf dowload --resolve should download everytime requested packages","2017-04-01 13:22:32"
1286877,"Fedora","dnf",,"CLOSED","RAWHIDE","Cannot specify package installation versions without including epoch using DNF","2017-04-10 11:43:47"
1409389,"Fedora","dnf",,"CLOSED","RAWHIDE","dnf check-updates accepts random command line options without generating an error. If a random option is specified non security options are not displayed.","2017-01-02 12:28:14"
1417601,"Fedora","dnf",,"CLOSED","WONTFIX","dnf  - missing error message","2017-01-30 15:04:22"
1427928,"Fedora","dnf",,"CLOSED","RAWHIDE","dnf should protect kernel-devel not just kernel during updates","2017-03-01 09:58:45"
1432139,"Fedora","dnf",,"CLOSED","RAWHIDE","'dnf updateinfo' reports on already installed updates","2017-03-22 09:41:46"
1442833,"Fedora","dnf",,"CLOSED","WONTFIX","dnf dumps core on invalid rpm","2017-05-17 07:01:47"
1456020,"Fedora","dnf",,"CLOSED","WONTFIX","dnf broken tab completion","2017-06-07 05:39:10"
1464345,"Fedora","dnf",,"CLOSED","NEXTRELEASE","skipped packages are not printed out when using distro-sync","2017-06-23 04:05:27"
1345757,"Fedora","Changes Tracking","Adam Miller","CLOSED","CURRENTRELEASE","Release Engineering Automation Workflow Engine","2016-11-22 08:58:50"
1415137,"Fedora","java-1.8.0-openjdk","Andrew John Hughes","CLOSED","ERRATA","java-1.8.0-openjdk: NSS 3.28 update causes core dump","2017-04-04 03:59:50"
1190916,"Fedora","bibus","Ankur Sinha (FranciscoD)","CLOSED","ERRATA","bibus: deprecation warning with wxPython 3.0","2016-12-14 20:20:39"
1403398,"Fedora","docker","Antonio Murdaca","CLOSED","ERRATA","f25 - docker doesn't label overlay2 directory correctly","2016-12-15 19:27:34"
1412147,"Fedora","docker","Antonio Murdaca","CLOSED","ERRATA","CVE-2016-9962 docker: Insecure opening of file-descriptor allows privilege escalation [fedora-all]","2017-01-12 21:24:08"
1412189,"Fedora","docker-latest","Antonio Murdaca","CLOSED","ERRATA","CVE-2016-9962 docker: Insecure opening of file-descriptor allows privilege escalation [fedora-all]","2017-01-20 13:18:34"
1077865,"Fedora","qwtplot3d","Antonio Trande","CLOSED","ERRATA","Build with system gl2ps instead of bundled one","2016-09-09 12:55:46"
1359132,"Fedora","hydrogen","Brendan Jones","CLOSED","ERRATA","hydrogen-0.9.6 is out","2016-12-12 18:57:00"
1414010,"Fedora","atomic","Brent Baude","CLOSED","ERRATA","Regression: Atomic DBus VulnerabilityInfo API hangs loading results from /var/lib/atomic","2017-04-01 13:10:38"
1014846,"Fedora","festival","Bruno Wolff III","CLOSED","WONTFIX","numerous memory-corruption bugs shown by valgrind/glibc","2016-10-19 17:22:41"
1022649,"Fedora","evince","Caolan McNamara","CLOSED","ERRATA","evince: Error setting extended attribute 'security.selinux': Operation not supported","2016-12-11 14:27:50"
1398370,"Fedora","glibc","Carlos O'Donell","CLOSED","ERRATA","Plugin unloading causes undefined behavior: Inconsistency detected by ld.so: dl-close.c: 811: _dl_close: Assertion `map->l_init_called' failed!","2016-12-27 10:51:11"
1119761,"Fedora","python3","Charalampos Stratakis","CLOSED","CURRENTRELEASE","python3 in EPEL","2016-07-29 06:33:34"
1021795,"Fedora","spice","Christophe Fergeau","CLOSED","CURRENTRELEASE","spice wants to run 'gstack' on itself to log backtrace, upsets selinux","2016-12-13 09:05:10"
1404550,"Fedora","kf5-kded","Daniel Vrátil","CLOSED","ERRATA","Cannot establish VPN connection using KDE systray icon","2017-01-08 09:41:24"
1374822,"Fedora","docker","Daniel Walsh","CLOSED","ERRATA","SELinux prevents transition to running command in container","2016-11-21 15:28:54"
1044119,"Fedora","crash","Dave Anderson","CLOSED","CURRENTRELEASE","crash bundles gdb","2016-12-16 09:07:51"
1033778,"Fedora","python-blivet","David Lehman","CLOSED","ERRATA","Resizing of volumes with unknown or no filesystem is allowed in guided partitioning with no special warning","2017-04-12 03:24:49"
1370858,"Fedora","NetworkManager-openconnect","David Woodhouse","CLOSED","CURRENTRELEASE","NetworkManager doesn't prompt for password","2016-08-27 18:43:29"
1381671,"Fedora","empathy","Debarshi Ray","CLOSED","ERRATA","Fails to connect to Google, with legacy CAs disabled, or with ca-certificates version 2.10","2017-04-01 13:23:38"
830999,"Fedora","tripwire","Didier","CLOSED","ERRATA","tripwire cron should send mail to configured recipients","2017-03-03 18:49:55"
1421468,"Fedora","tripwire","Didier","CLOSED","ERRATA","overly restrictive permissions on /usr/share/doc/tripwire","2017-03-03 18:49:51"
1277450,"Fedora","libsvm","Ding-Yi Chen","CLOSED","ERRATA","libsvm(-java) remove versioned jars from %{_javadir}","2016-08-16 00:49:38"
1420792,"Fedora","bluez","Don Zickus","CLOSED","CURRENTRELEASE","Intel 8265 bluetooth doesn't work with Logitech MX anywhere 2","2017-05-16 10:24:13"
1024800,"Fedora","python-bunch","Fedora Infrastructure SIG","CLOSED","WONTFIX","python-bunch: Support Python 3","2016-07-29 08:58:52"
1320683,"Fedora","python-requests-oauthlib","Fedora Infrastructure SIG","CLOSED","RAWHIDE","RPM fails to enforce dependencies declared in python package","2017-02-25 19:51:15"
1400249,"Fedora","cloud-init","Garrett Holmstrom","CLOSED","ERRATA","Wrong systemd unit in cloud-init","2017-03-23 14:21:47"
1182918,"Fedora","hibernate-validator","gil cattaneo","CLOSED","RAWHIDE","hibernate-validator: Upgrade to 5.2.4.Final","2016-08-05 05:06:18"
1436145,"Fedora","samba","Guenther Deschner","CLOSED","ERRATA","samba-4.5.7-0.fc25.x86_64 breaks my smb-servers","2017-04-02 16:55:00"
1077768,"Fedora","wesnoth","Gwyn Ciesla","CLOSED","CURRENTRELEASE","wesnoth bundles lua","2017-03-14 14:27:27"
1317557,"Fedora","gnome-vfs2","Gwyn Ciesla","CLOSED","RAWHIDE","[RFE] Please state in package description that gnome-vfs2 is deprecated","2017-03-15 10:54:54"
1138463,"Fedora","mesa","Igor Gnatenko","CLOSED","ERRATA","Some -devel sub-packages are missing %{?_isa} requires","2016-09-12 08:21:28"
1179220,"Fedora","freeipa","IPA Maintainers","CLOSED","CURRENTRELEASE","Utilize system-wide crypto-policies","2017-01-09 10:04:50"
1063278,"Fedora","sssd","Jakub Hrozek","CLOSED","ERRATA","sss_ssh_knownhostsproxy doesn't fall back to ipv4","2017-05-12 15:23:19"
1409433,"Fedora","openssh","Jakub Jelen","CLOSED","ERRATA","sshd segfaults every odd public key auth login","2017-01-06 15:21:48"
1425825,"Fedora","gcc","Jakub Jelinek","CLOSED","RAWHIDE","gcc -Werror=format-security -Wall not reporting errors","2017-03-07 14:44:46"
1357261,"Fedora","kubernetes","Jan Chaloupka","CLOSED","ERRATA","Update to origin v1.2.1","2016-08-08 19:57:07"
1396463,"Fedora","etcd","Jan Chaloupka","CLOSED","ERRATA","Fedora - etcd fails to start on ppc64le platform","2017-02-08 23:20:36"
1336212,"Fedora","giflib","Jaromír Cápík","CLOSED","WONTFIX","CVE-2015-7555 and CVE-2016-3977","2016-08-15 15:47:08"
1004427,"Fedora","python-dns","Jeffrey C. Ollie","CLOSED","ERRATA","python-dns: random number generator lacks fork protection","2016-11-19 16:00:50"
1128365,"Fedora","wxGTK","Jeremy Newton","CLOSED","ERRATA","setup alternatives for wxrc and wx-config","2016-09-29 18:51:22"
1379632,"Fedora","tbb","Jiri Kastner","CLOSED","ERRATA","fails to link on s390x","2016-10-12 14:58:28"
1211194,"Fedora","rsyslog","Jiří Vymazal","CLOSED","WONTFIX","Enable inbuilt test suite","2017-03-10 07:59:23"
1249752,"Fedora","rsyslog","Jiří Vymazal","CLOSED","RAWHIDE","imjournal stops logging due to corrupt state file","2017-01-09 17:07:57"
1339293,"Fedora","uwsgi","Jorge A Gallegos","CLOSED","ERRATA","uwsgi-2.0.12-7.fc25 FTBFS: plugins/v8/v8_uwsgi.cc:17:69: error: 'Arguments' in namespace 'v8' does not name a type","2016-08-23 15:23:29"
1405406,"Fedora","game-music-emu","Karel Volný","CLOSED","ERRATA","0day in game-music-emu (CVE-2016-9959)","2016-12-19 18:23:23"
1175970,"Fedora","kexec-tools","kdump team","CLOSED","WONTFIX","enable kdump addon by default","2016-11-11 00:36:26"
1365686,"Fedora","kernel","Kernel Maintainer List","CLOSED","ERRATA","kernel BUG at mm/rmap.c:1288!","2016-08-27 06:40:29"
1366820,"Fedora","kernel","Kernel Maintainer List","CLOSED","ERRATA","[abrt] WARNING: CPU: 0 PID: 95 at drivers/gpu/drm/drm_atomic_helper.c:1549 drm_atomic_helper_commit_hw_done+0xab/0xb0 [drm_kms_helper]","2017-01-18 04:42:25"
1371569,"Fedora","kernel","Kernel Maintainer List","CLOSED","CURRENTRELEASE","[abrt] WARNING: CPU: 0 PID: 2103 at drivers/net/wireless/ath/ath9k/beacon.c:642 ath9k_beacon_config+0x12c/0x130 [ath9k]","2017-01-17 11:10:53"
1383471,"Fedora","kernel","Kernel Maintainer List","CLOSED","ERRATA","[abrt] WARNING: CPU: 3 PID: 12176 at ./include/linux/swap.h:276 page_cache_tree_insert+0x1cc/0x1e0","2016-11-27 11:54:59"
1391707,"Fedora","kernel","Kernel Maintainer List","CLOSED","NEXTRELEASE","Hyper-V on KVM nested virtualization does not work","2016-12-22 15:24:05"
1393264,"Fedora","kernel","Kernel Maintainer List","CLOSED","CURRENTRELEASE","virtio-gpu *ERROR* [CRTC:25:crtc-0] flip_done timed out","2017-02-06 07:59:21"
1397696,"Fedora","kernel","Kernel Maintainer List","CLOSED","CURRENTRELEASE","[abrt] WARNING: CPU: 3 PID: 884 at drivers/net/wireless/intel/iwlwifi/dvm/../iwl-trans.h:1135 iwlagn_mac_flush+0x1c2/0x1d0 [iwldvm]","2017-01-17 10:16:00"
1406530,"Fedora","kernel","Kernel Maintainer List","CLOSED","WONTFIX","[abrt] WARNING: CPU: 1 PID: 2131 at lib/kobject.c:244 kobject_add_internal+0x101/0x320","2017-01-17 10:20:52"
1409530,"Fedora","kernel","Kernel Maintainer List","CLOSED","WONTFIX","[abrt] WARNING: CPU: 2 PID: 12395 at drivers/net/wireless/intel/iwlwifi/dvm/sta.c:552 iwl_deactivate_station+0x177/0x1a0 [iwldvm]","2017-02-05 05:49:44"
1409631,"Fedora","kernel","Kernel Maintainer List","CLOSED","CURRENTRELEASE","rtl8188ee, wireless connection highly unstable","2017-02-28 10:18:47"
1413314,"Fedora","kernel","Kernel Maintainer List","CLOSED","CURRENTRELEASE","4.9.3 causes issues in Fedora buildvm's","2017-04-22 04:18:38"
1414606,"Fedora","kernel","Kernel Maintainer List","CLOSED","WONTFIX","[abrt] WARNING: CPU: 1 PID: 2388 at net/mac80211/rx.c:4125 ieee80211_rx_napi+0x812/0x920 [mac80211]","2017-01-25 23:31:01"
1417472,"Fedora","kernel","Kernel Maintainer List","CLOSED","WONTFIX","[abrt] kernel paging request at __kmalloc_track_caller","2017-01-31 07:06:13"
1417473,"Fedora","kernel","Kernel Maintainer List","CLOSED","WONTFIX","[abrt] BUG: unable to handle kernel NULL pointer dereference at 0000000000000001","2017-01-31 07:05:49"
1417820,"Fedora","kernel","Kernel Maintainer List","CLOSED","WONTFIX","[abrt] WARNING: CPU: 2 PID: 5165 at drivers/pci/pci.c:1616 pci_disable_device+0xa8/0xd0","2017-01-31 07:20:16"
1417829,"Fedora","kernel","Kernel Maintainer List","CLOSED","ERRATA","[abrt] WARNING: CPU: 1 PID: 3760 at drivers/usb/core/hcd.c:1584 usb_hcd_map_urb_for_dma+0x37f/0x570","2017-04-06 12:01:54"
1418105,"Fedora","kernel","Kernel Maintainer List","CLOSED","ERRATA","[abrt] WARNING: CPU: 2 PID: 775 at drivers/net/wireless/intel/iwlwifi/mvm/time-event.c:719 iwl_mvm_remove_time_event+0xe1/0xf0 [iwlmvm]","2017-04-12 08:53:32"
1422969,"Fedora","kernel","Kernel Maintainer List","CLOSED","ERRATA","[abrt] WARNING: CPU: 2 PID: 0 at drivers/net/wireless/ralink/rt2x00/rt2800lib.c:970 rt2800_update_beacons_setup+0x16a/0x190 [rt2800lib]","2017-02-27 17:49:35"
1424768,"Fedora","kernel","Kernel Maintainer List","CLOSED","WONTFIX","[abrt] BUG: unable to handle kernel NULL pointer dereference at 0000000000000088","2017-02-20 07:31:59"
1440736,"Fedora","kernel","Kernel Maintainer List","CLOSED","ERRATA","unable to handle kernel NULL pointer dereference null pointer dereference dma_fence_wait_timeout from nouveau_drm_ioctl","2017-05-04 14:24:45"
1442542,"Fedora","kernel","Kernel Maintainer List","CLOSED","WONTFIX","[abrt] NMI watchdog: BUG: soft lockup - CPU#2 stuck for 22s! [swapper/2:0]","2017-04-17 08:10:09"
1411130,"Fedora","rkhunter","Kevin Fenzi","CLOSED","ERRATA","suspicious warnings on fresh installed system","2017-02-11 08:19:14"
1405921,"Fedora","container-selinux","Lokesh Mandvekar","CLOSED","ERRATA","SELinux is preventing lxc-attach from entrypoint access on the file /usr/bin/bash","2017-03-13 22:21:24"
1279242,"Fedora","NetworkManager","Lubomir Rintel","CLOSED","CURRENTRELEASE","NM generated IPv6 addresses leak your MAC address to the world","2017-05-16 06:55:35"
1457542,"Fedora","NetworkManager","Lubomir Rintel","CLOSED","ERRATA","NetworkManager GUI doesn't allow for secure configuration of WPA(2) Enterprise networks (802.1x) [lr/tls-domain-suffix-match-rh1457542","2017-06-19 14:54:51"
1445255,"Fedora","squid","Luboš Uhliarik","CLOSED","RAWHIDE","Squid SMP Mode Fails","2017-04-26 07:56:20"
1136092,"Fedora","selinux-policy","Lukas Vrabec","CLOSED","WONTFIX","SELinux is preventing php-fpm from 'create' accesses on the directory gavrilovmv.","2016-10-03 06:57:11"
1253582,"Fedora","selinux-policy","Lukas Vrabec","CLOSED","ERRATA","SELinux is preventing /usr/bin/docker from 'write' accesses on the sock_file docker.sock.","2016-08-16 23:03:49"
1275961,"Fedora","selinux-policy","Lukas Vrabec","CLOSED","ERRATA","SELinux is preventing 57656220436F6E74656E74 from 'create' accesses on the rawip_socket Unknown.","2016-12-12 18:58:17"
1350054,"Fedora","selinux-policy","Lukas Vrabec","CLOSED","ERRATA","Refuses to let systemd fix label of /dev/shm/lldpad.state on boot","2016-11-10 11:37:43"
1361242,"Fedora","selinux-policy","Lukas Vrabec","CLOSED","ERRATA","SELinux is preventing systemd from 'getattr' accesses on the blk_file /run/systemd/inaccessible/blk.","2016-08-16 23:05:15"
1361244,"Fedora","selinux-policy","Lukas Vrabec","CLOSED","ERRATA","SELinux is preventing systemd from 'getattr' accesses on the chr_file /run/systemd/inaccessible/chr.","2016-08-16 23:05:20"
1380108,"Fedora","selinux-policy","Lukas Vrabec","CLOSED","CURRENTRELEASE","SELinux is preventing (-localed) from 'mounton' accesses on the directory /dev.","2016-09-29 09:36:56"
1385432,"Fedora","selinux-policy","Lukas Vrabec","CLOSED","ERRATA","Dracut exhibits numerous AVC denied errors during cleanup, takes long time to power off","2017-06-22 22:28:49"
1430963,"Fedora","selinux-policy","Lukas Vrabec","CLOSED","ERRATA","rpc.gssd fails to call into gssproxy","2017-04-24 22:23:53"
1071786,"Fedora","usb_modeswitch-data","mail@romal.de","CLOSED","CURRENTRELEASE","Huawei USB dongle ""seen"" as USB stick","2016-07-27 03:37:26"
1092451,"Fedora","usb_modeswitch-data","mail@romal.de","CLOSED","CURRENTRELEASE","ZTE MF195E USB dongle ""seen"" as USB stick","2016-07-27 03:36:01"
1276555,"Fedora","cxf","Marek Goldmann","CLOSED","ERRATA","cxf-3.1.4 is available","2016-08-27 06:27:30"
1355821,"Fedora","fence-agents","Marek Grac","CLOSED","ERRATA","FTBFS due missing fence_zvm.h","2016-08-30 14:17:57"
1198229,"Fedora","evince","Marek Kašík","CLOSED","ERRATA","evince-browser-plugin should be Gtk2 only","2016-08-27 06:31:31"
1377825,"Fedora","mediawriter","Martin Bříza","CLOSED","ERRATA","macOS, hang on launch","2016-11-15 08:33:32"
1374864,"Fedora","anaconda","Martin Kolman","CLOSED","ERRATA","initial-setup is not completable when there's no network link","2017-06-06 16:23:59"
1409397,"Fedora","firefox","Martin Stransky","CLOSED","NEXTRELEASE","firefox-50.1.0-2.fc24.x86_64 Crashes on multiple tabs","2017-06-13 06:29:59"
1413303,"Fedora","firefox","Martin Stransky","CLOSED","RAWHIDE","Firefox and nss 3.28.1 google problem","2017-01-31 07:50:33"
1431316,"Fedora","firefox","Martin Stransky","CLOSED","NEXTRELEASE","TLSv1.3: security.tls.version.max = 4 has no effect","2017-05-29 10:25:03"
1433819,"Fedora","firefox","Martin Stransky","CLOSED","ERRATA","CVE-2017-5428 firefox: Mozilla: integer overflow in createImageBitmap() (MFSA 2017-08)","2017-03-24 14:56:42"
1116553,"Fedora","dictd","Matěj Cepl","CLOSED","ERRATA","Make available for EPEL-6","2017-04-22 01:18:13"
1169919,"Fedora","python-dbusmock","Matěj Cepl","CLOSED","CURRENTRELEASE","Please add EPEL7 branch","2017-02-08 16:29:26"
927212,"Fedora","glib2","Matthias Clasen","CLOSED","WONTFIX","glib2: Missing dependency on dbus-x11","2017-03-03 10:21:19"
1005916,"Fedora","seahorse","Matthias Clasen","CLOSED","ERRATA","Importing PGP key fails because seahorse tries to use gpg instead of gpg2","2017-01-28 19:21:13"
1366897,"Fedora","gtk3","Matthias Clasen","CLOSED","ERRATA","Many apps crash in gdk_event_source_check when logging out of GNOME","2017-05-24 15:28:36"
1267551,"Fedora","root","Mattias Ellert","CLOSED","WONTFIX","root: fails to compile during install section in ppc64le","2017-01-16 10:05:43"
1415140,"Fedora","openldap","Matus Honek","CLOSED","CURRENTRELEASE","Improve openldap to correctly handle NSS builds that provide TLS 1.3 support","2017-04-07 06:33:53"
1214128,"Fedora","gallery2","Michael Cronenworth","CLOSED","ERRATA","PHP Deprecated:  Non-static method fills logs","2017-03-13 22:20:44"
1122096,"Fedora","libreoffice","Michael Stahl","CLOSED","NEXTRELEASE","Ability to demote/promote multiple chapters at once in writer explorer","2016-11-30 14:34:16"
1102637,"Fedora","rsync","Michal Ruprich","CLOSED","RAWHIDE","rsync bundles zlib","2017-05-03 03:22:29"
1024834,"Fedora","python-krbV","Mike Bonnet","CLOSED","CANTFIX","python-krbV: Support Python 3","2016-10-18 13:04:19"
1132933,"Fedora","selinux-policy","Miroslav Grepl","CLOSED","CURRENTRELEASE","systemd policy reuses SELinux kernel AV (system)","2016-07-28 07:47:46"
1185600,"Fedora","PyPE","Mosaab Alzoubi","CLOSED","ERRATA","PyPE fails to run with wxPython 3.0 in Rawhide","2017-06-09 15:13:24"
1213263,"Fedora","pcp","Nathan Scott","CLOSED","NEXTRELEASE","RFE: allow listing all metrics for an instance","2017-05-09 01:37:02"
922944,"Fedora","mdadm","Nigel Croxon","CLOSED","WONTFIX","adding write-intent bitmap overwrites data on raid device when data offset on a component device is too small","2017-06-01 12:24:35"
1387141,"Fedora","gnutls","Nikos Mavrogiannopoulos","CLOSED","CURRENTRELEASE","gnutls: do not call getrandom() on constructor","2016-12-13 08:49:51"
1405959,"Fedora","gnutls","Nikos Mavrogiannopoulos","CLOSED","ERRATA","With FUTURE system crypto policy, connections to github, getfedora.org fail","2017-01-10 08:21:28"
1409175,"Fedora","npm","NodeJS Packaging SIG","CLOSED","CANTFIX","`npm search` always fails with messages about Mark-sweep, allocation failure","2016-12-29 21:04:05"
1444563,"Fedora","cmake","Orion Poplawski","CLOSED","ERRATA","FindGLUT.cmake claims it needs libXi-devel, freeglut-devel does not","2017-05-17 02:02:18"
1194105,"Fedora","spe","Orphan Owner","CLOSED","RAWHIDE","spe has UI issues with wxPython 3 in F22/Rawhide","2016-09-01 08:59:31"
1381949,"Fedora","sagemath","Paulo Andrade","CLOSED","ERRATA","Missing dependency: python-speaklater","2017-01-02 14:51:17"
1438773,"Fedora","vagrant","Pavel Valena","CLOSED","ERRATA","vagrant plugin install not working due missing dependencies","2017-06-19 07:14:51"
1347291,"Fedora","grub2","Peter Jones","CLOSED","ERRATA","Booting from Windows 10 entry ends with 'relocation failed' error","2017-04-04 20:25:11"
1368569,"Fedora","libjpeg-turbo","Petr Hracek","CLOSED","ERRATA","vncserver segfaults during F25 aarch64 installation","2016-09-29 18:53:16"
1383650,"Fedora","perl-Crypt-OpenSSL-RSA","Petr Pisar","CLOSED","RAWHIDE","perl-Crypt-OpenSSL-RSA-0.28-15.fc26 FTBFS: dereferencing pointer to incomplete type 'RSA {aka struct rsa_st}'","2016-10-27 04:30:23"
1173684,"Fedora","R-rlecuyer","Pierre-YvesChibon","CLOSED","ERRATA","please build for EPEL","2016-08-08 17:48:58"
1440587,"Fedora","kexec-tools","Pratyush Anand","CLOSED","ERRATA","kexec: failed load kdump kernel - Can't find kernel text map area from kcore","2017-05-04 10:47:14"
1421351,"Fedora","aide","Radovan Sroka","CLOSED","ERRATA","/sbin/aide is not readable by non root","2017-04-19 05:22:49"
1094143,"Fedora","ejabberd","Randy Barlow","CLOSED","ERRATA","Desktop centric polkit ejabberdctl policy file, prevents server use","2017-01-05 15:21:19"
1427255,"Fedora","php","Remi Collet","CLOSED","ERRATA","PHP doesn't fallback to urandom when getrandom is not available","2017-03-18 15:53:20"
1422626,"Fedora","kmail","Rex Dieter","CLOSED","ERRATA","KMail does not save settings","2017-03-17 15:33:09"
1449605,"Fedora","libvncserver","Rex Dieter","CLOSED","ERRATA","libvncclient sets +SRP in priority string when SRP is not supported by Fedora GnuTLS","2017-06-03 13:38:31"
1074039,"Fedora","tkdnd","Sander Hoentjen","CLOSED","RAWHIDE","Install with owner write permissions, fixes -debuginfo.","2016-11-08 15:29:13"
1274553,"Fedora","bash","Siteshwar Vashisht","CLOSED","RAWHIDE","FUNCNEST is ignored if passed by environment","2017-02-20 14:07:39"
1331325,"Fedora","nagios-plugins","Stephen John Smoogen","CLOSED","CURRENTRELEASE","[PATCH] Disable sslv3 in nagios-plugins","2017-01-20 16:40:44"
1455317,"Fedora","cjdns","Stuart D Gathman","CLOSED","ERRATA","cjdroute and others fail to call sodium_init()","2017-06-21 03:46:55"
1350620,"Fedora","redland-bindings","Thomas Vander Stichele","CLOSED","ERRATA","redland-bindings: FTBFS in rawhide: 'rsrc' undeclared","2017-06-22 21:56:23"
1114328,"Fedora","picojson","Timothy St. Clair","CLOSED","ERRATA","picojson-debuginfo is empty","2016-12-15 19:25:11"
1410450,"Fedora","libpwquality","Tomas Mraz","CLOSED","WONTFIX","pwscore fails on missing /usr/share/cracklib/pw_dict.pwd.gz","2017-01-05 10:06:04"
1053550,"Fedora","kexec-tools","Tong Li","CLOSED","ERRATA","[sr] the kexec-tools package has Serbian translations in Latin script in the wrong directory sr@Latn, correct is sr@latin","2017-03-16 23:29:07"
1348442,"Fedora","libblockdev","Vratislav Podzimek","CLOSED","CURRENTRELEASE","FTBFS in s390.c","2017-04-28 06:00:21"
1389130,"Fedora","python-blivet","Vratislav Podzimek","CLOSED","ERRATA","Existing RAID or LVM metadata can cause various types of install failures.","2016-11-15 08:32:37"
1397900,"Fedora","mate-screensaver","Wolfgang Ulbrich","CLOSED","ERRATA","transparent lock screen on multiple/single screens with blank screensaver theme","2017-01-20 13:06:44"
1416244,"Fedora","xorg-x11-server","X/OpenGL Maintenance List","CLOSED","ERRATA","Xwayland crashes when using joystick to keyboard emulation","2017-04-11 21:52:06"
1436507,"Fedora","xorg-x11-drv-ati","X/OpenGL Maintenance List","CLOSED","ERRATA","After dnf update to kernel-4.10.5-200.fc25.x86_64, system won't boot with that kernel","2017-04-03 08:50:38"
1405203,"Fedora","cups","Zdenek Dohnal","CLOSED","WONTFIX","No longer can use System V interface scripts with CUPS","2016-12-16 21:06:03"
1405669,"Fedora","cups","Zdenek Dohnal","CLOSED","ERRATA","Add wheel to /etc/cups/cups-files.conf SystemGroup","2017-01-13 06:51:22"
1347436,"Fedora","initscripts","David Kaspar [Dee'Kej]","CLOSED","ERRATA","fedora-import-state sets incorrect mode for /dev/shm when dracut places it in /run/initramfs/state (causes various things to break, inc. webkit and Boxes)","2016-12-20 01:32:21"
1349721,"Fedora","selinux-policy","Lukas Vrabec","CLOSED","ERRATA","Upgrade from Fedora 24 to Fedora Rawhide with dnf-plugin-system-upgrade fails, system stuck in boot loop until booted with enforcing=0","2016-12-12 19:31:51"
1309755,"Fedora","iftop","Robert Scheck","CLOSED","ERRATA","ip6.arpa lookup failure uses previous successful lookup","2017-04-07 12:48:26"
1437355,"Fedora","chromium","Tom ""spot"" Callaway","CLOSED","ERRATA","CVE-2017-5052 CVE-2017-5053 CVE-2017-5054 CVE-2017-5055 CVE-2017-5056 chromium: various flaws [fedora-all]","2017-06-02 22:24:30"
1440613,"Fedora","389-ds-base",,"CLOSED","CURRENTRELEASE","CVE-2017-2668 389-ds-base: Remote crash via crafted LDAP messages [fedora-all]","2017-05-04 10:50:37"
1441242,"Fedora","tomcat","Coty Sutherland","CLOSED","ERRATA","CVE-2017-5647 CVE-2017-5648 tomcat: various flaws [fedora-all]","2017-04-27 16:52:04"
1456884,"Fedora","sudo","Daniel Kopeček","CLOSED","ERRATA","CVE-2017-1000367 sudo:  sudo: Privilege escalation in via improper get_process_ttyname() parsing [fedora-all]","2017-06-09 15:21:06"
1449652,"Fedora","kf5-kauth","Daniel Vrátil","CLOSED","ERRATA","CVE-2017-8422 kf5-kauth: kauth: service invoking dbus is not properly checked and allows local privilege escalation [fedora-all]","2017-05-15 14:24:02"
1446064,"Fedora","ghostscript","David Kaspar [Dee'Kej]","CLOSED","CURRENTRELEASE","CVE-2017-8291 ghostscript: -dSAFER bypass and command execution via a ""/OutputFile (%pipe%"" substring [fedora-all]","2017-05-22 10:30:12"
1427434,"Fedora","tnef","David Timms","CLOSED","ERRATA","CVE-2017-6307 CVE-2017-6308 CVE-2017-6309 CVE-2017-6310 tnef: Multiple vulnerabilities fixed in 1.4.13 [fedora-all]","2017-05-08 18:31:47"
1418206,"Fedora","qemu","Fedora Virtualization Maintainers","CLOSED","ERRATA","CVE-2017-2615 Qemu: display: cirrus: oob access while doing bitblt copy backward mode [fedora-all]","2017-03-21 12:51:49"
1425419,"Fedora","qemu","Fedora Virtualization Maintainers","CLOSED","ERRATA","CVE-2017-2620 Qemu: display: cirrus: potential arbitrary code execution via cirrus_bitblt_cputovideo [fedora-all]","2017-03-21 12:51:55"
1441601,"Fedora","thunderbird","Gecko Maintainer","CLOSED","ERRATA","thunderbird: No longer accepts TLS server certificate","2017-04-27 01:51:09"
1455050,"Fedora","samba","Guenther Deschner","CLOSED","ERRATA","CVE-2017-7494 samba: Loading shared modules from any path in the system leading to RCE [fedora-all]","2017-06-03 13:39:22"
1403178,"Fedora","roundcubemail","Gwyn Ciesla","CLOSED","ERRATA","CVE-2016-9920 roundcubemail: Code execution via mail() [fedora-all]","2016-12-13 19:51:16"
1434720,"Fedora","moodle","Gwyn Ciesla","CLOSED","ERRATA","CVE-2017-2641 CVE-2017-2643 CVE-2017-2644 CVE-2017-2645 moodle: Multiple security vulnerabilities [fedora-all]","2017-04-01 13:00:34"
1441585,"Fedora","backintime","hannes","CLOSED","ERRATA","CVE-2017-7572 backintime: Race condition in the checkPolkitPrivilege function [fedora-all]","2017-04-22 05:22:06"
1391386,"Fedora","pacemaker","Jan Pokorný","CLOSED","ERRATA","CVE-2016-7035 pacemaker: Privilege escalation due to improper guarding of IPC communication [fedora-all]","2016-11-10 11:38:10"
1398228,"Fedora","vim","Karsten Hopp","CLOSED","ERRATA","CVE-2016-1248 vim: Lack of validation of values for few options results in code exection [fedora-all]","2016-12-12 07:37:04"
1387080,"Fedora","kernel","Kernel Maintainer List","CLOSED","ERRATA","CVE-2016-5195 kernel: mm: privilege escalation via MAP_PRIVATE COW breakage [fedora-all]","2016-11-07 14:55:21"
1400805,"Fedora","kernel","Kernel Maintainer List","CLOSED","ERRATA","CVE-2016-9777 Kernel: kvm: out of bounds memory access via vcpu_id [fedora-all]","2016-12-09 21:52:00"
1401820,"Fedora","kernel","Kernel Maintainer List","CLOSED","ERRATA","CVE-2016-8655 kernel: Race condition in packet_set_ring leads to use after free [fedora-all]","2016-12-12 23:21:34"
1414507,"Fedora","kernel","Kernel Maintainer List","CLOSED","ERRATA","CVE-2016-10150 Kernel: Kvm: a use-after-free while creating devices [fedora-all]","2017-01-20 05:18:52"
1419851,"Fedora","kernel","Kernel Maintainer List","CLOSED","ERRATA","CVE-2017-5897 kernel: ip6_gre: Invalid reads in ip6gre_err [fedora-all]","2017-02-14 10:49:23"
1425822,"Fedora","kernel","Kernel Maintainer List","CLOSED","ERRATA","CVE-2017-6074 kernel: use after free in dccp protocol [fedora-all]","2017-02-27 17:53:16"
1430049,"Fedora","kernel","Kernel Maintainer List","CLOSED","ERRATA","CVE-2017-2636 kernel: Race condition access to n_hdlc.tbuf causes double free in n_hdlc_release() [fedora-all]","2017-03-11 07:21:13"
1437469,"Fedora","kernel","Kernel Maintainer List","CLOSED","ERRATA","CVE-2017-7184 kernel: Out-of-bounds heap access in xfrm [fedora-all]","2017-04-03 18:54:01"
1443617,"Fedora","kernel","Kernel Maintainer List","CLOSED","ERRATA","CVE-2017-7645 kernel: nfsd: Incorrect handling of long RPC replies [fedora-all]","2017-05-04 14:25:28"
1444496,"Fedora","kernel","Kernel Maintainer List","CLOSED","ERRATA","CVE-2017-7889 kernel: mm subsystem does not properly enforce the CONFIG_STRICT_DEVMEM protection mechanism [fedora-all]","2017-05-04 14:25:00"
1445208,"Fedora","kernel","Kernel Maintainer List","CLOSED","ERRATA","CVE-2017-7477 kernel: net: Heap overflow in skb_to_sgvec in macsec.c [fedora-all]","2017-05-09 17:21:56"
1446541,"Fedora","kernel","Kernel Maintainer List","CLOSED","ERRATA","CVE-2017-7895 kernel: NFSv3 server does not properly handle payload bounds checking of WRITE requests [fedora-all]","2017-05-09 23:59:42"
1412356,"Fedora","ansible","Kevin Fenzi","CLOSED","CURRENTRELEASE","CVE-2016-9587 Ansible: Compromised remote hosts can lead to running commands on the Ansible controller [fedora-all]","2017-01-25 21:53:16"
1441355,"Fedora","ansible","Kevin Fenzi","CLOSED","ERRATA","CVE-2017-7466 ansible: Arbitrary code execution on control node (incomplete fix for CVE-2016-9587) [fedora-all]","2017-06-01 16:29:28"
1351621,"Fedora","selinux-policy","Lukas Vrabec","CLOSED","ERRATA","Missing policy definitions","2016-09-15 17:13:45"
1351624,"Fedora","selinux-policy","Lukas Vrabec","CLOSED","ERRATA","Remove unused SELinux capability definitions","2016-08-17 13:03:04"
1367280,"Fedora","selinux-policy","Lukas Vrabec","CLOSED","ERRATA","SELinux is preventing systemd from 'getattr' accesses on the blk_file /run/systemd/inaccessible/blk.","2016-09-30 15:03:20"
1367292,"Fedora","selinux-policy","Lukas Vrabec","CLOSED","ERRATA","SELinux is preventing (ostnamed) from 'mounton' accesses on the directory /dev.","2017-01-10 07:31:32"
1383867,"Fedora","selinux-policy","Lukas Vrabec","CLOSED","ERRATA","SELinux is preventing pickup from 'read' accesses on the lnk_file log.","2016-12-20 06:21:47"
1375432,"Fedora","openldap","Matus Honek","CLOSED","ERRATA","Setting olcTLSProtocolMin does not change supported protocols","2017-02-02 15:22:05"
1435689,"Fedora","openldap","Matus Honek","CLOSED","ERRATA","Enhance OpenLDAP to support TLSv1.3 protocol with NSS","2017-04-05 14:51:10"
1448111,"Fedora","mediawiki","Michael Cronenworth","CLOSED","ERRATA","CVE-2017-0372 mediawiki: SyntaxHighlight extension allows injection of arbitrary Pygments options [fedora-all]","2017-05-12 08:04:08"
1413504,"Fedora","groovy","Michael Simacek","CLOSED","ERRATA","CVE-2016-6814 groovy: Apache Groovy: Information disclosure [fedora-all]","2017-01-24 19:21:26"
1443637,"Fedora","log4j","Michael Simacek","CLOSED","ERRATA","CVE-2017-5645 log4j: Socket receiver deserialization vulnerability [fedora-all]","2017-05-04 14:24:13"
1457722,"Fedora","log4j12","Michael Simacek","CLOSED","ERRATA","CVE-2017-5645 log4j12: log4j: Socket receiver deserialization vulnerability [fedora-all]","2017-06-12 17:41:08"
1406260,"Fedora","xen","Michael Young","CLOSED","ERRATA","CVE-2016-10013 xen: x86: Mishandling of SYSCALL singlestep during emulation (XSA-204) [fedora-all]","2016-12-31 03:23:37"
1418243,"Fedora","xen","Michael Young","CLOSED","ERRATA","CVE-2017-2615 xen: Qemu: display: cirrus: oob access while doing bitblt copy backward mode [fedora-all]","2017-02-25 19:19:52"
1425420,"Fedora","xen","Michael Young","CLOSED","ERRATA","CVE-2017-2620 xen: Qemu: display: cirrus: potential arbitrary code execution via cirrus_bitblt_cputovideo [fedora-all]","2017-03-08 08:27:46"
1432041,"Fedora","xen","Michael Young","CLOSED","ERRATA","CVE-2016-9603 xen: Qemu: cirrus: heap buffer overflow via vnc connection [fedora-all]","2017-03-20 23:20:47"
1438804,"Fedora","xen","Michael Young","CLOSED","ERRATA","CVE-2017-7228 xen: xsa212 xen: x86: broken check in memory_exchange() permits PV guest breakout (XSA-212) [fedora-all]","2017-04-14 18:18:15"
1447345,"Fedora","xen","Michael Young","CLOSED","ERRATA","CVE-2017-8903 CVE-2017-8904 CVE-2017-8905 xen: various flaws [fedora-all]","2017-05-15 00:26:53"
1445167,"Fedora","squirrelmail","Michal Hlavinka","CLOSED","ERRATA","CVE-2017-7692 squirrelmail: Insufficient escaping of user-supplied data [fedora-all]","2017-06-09 14:51:36"
1456364,"Fedora","gajim","Michal Schmidt","CLOSED","ERRATA","CVE-2016-10376 gajim: XEP-0146 makes it possible to extract plain-text from OTR sessions [fedora-all]","2017-06-15 05:23:03"
1443407,"Fedora","community-mysql","Michal Schorm","CLOSED","CURRENTRELEASE","CVE-2017-3308 CVE-2017-3309 CVE-2017-3450 CVE-2017-3453 CVE-2017-3456 CVE-2017-3461 CVE-2017-3462 CVE-2017-3463 CVE-2017-3464 CVE-2017-3599 community-mysql: various flaws [fedora-all]","2017-04-28 21:56:28"
1443603,"Fedora","mbedtls","Morten Stevens","CLOSED","CURRENTRELEASE","CVE-2017-2784 mbedtls: ARM Mbedtls x509 ECDSA invalid public key use-after-free [fedora-all]","2017-04-19 10:27:51"
1429454,"Fedora","texlive","Ngo Than","CLOSED","ERRATA","CVE-2016-10243 texlive: mpost allows to run non-whitelisted external programs [fedora-all]","2017-03-28 21:29:56"
1449649,"Fedora","kdelibs","Ngo Than","CLOSED","ERRATA","CVE-2017-8422 kdelibs: kauth: service invoking dbus is not properly checked and allows local privilege escalation [fedora-all]","2017-05-17 01:56:58"
1456698,"Fedora","freeradius","Nikolai Kondrashov","CLOSED","ERRATA","CVE-2017-9148 freeradius: TLS resumption authentication bypass [fedora-all]","2017-06-09 07:29:42"
1409490,"Fedora","php-PHPMailer","Patrick Monnerat","CLOSED","ERRATA","CVE-2016-10033 php-PHPMailer: phpmailer: Parameter injection via mail() function [fedora-all]","2017-01-17 15:20:27"
1415620,"Fedora","mapserver","Pavel Lisý","CLOSED","ERRATA","CVE-2017-5522 mapserver: Stack-buffer overflow with specific WFS get feature requests [fedora-all]","2017-01-29 16:51:02"
1413605,"Fedora","opus","Peter Robinson","CLOSED","ERRATA","CVE-2017-0381 opus: Memory corruption during media file and data processing [fedora-all]","2017-01-21 15:20:37"
1412457,"Fedora","bind","Petr Menšík","CLOSED","ERRATA","CVE-2016-9147 bind: assertion failure while handling a query response containing inconsistent DNSSEC information [fedora-all]","2017-01-16 15:50:04"
1412458,"Fedora","bind99","Petr Menšík","CLOSED","ERRATA","CVE-2016-9147 bind99: bind: assertion failure while handling a query response containing inconsistent DNSSEC information [fedora-all]","2017-01-16 15:50:18"
1412459,"Fedora","bind","Petr Menšík","CLOSED","ERRATA","CVE-2016-9131 bind: assertion failure while processing response to an ANY query [fedora-all]","2017-01-16 15:49:59"
1412460,"Fedora","bind99","Petr Menšík","CLOSED","ERRATA","CVE-2016-9131 bind99: bind: assertion failure while processing response to an ANY query [fedora-all]","2017-01-16 15:50:14"
1412462,"Fedora","bind","Petr Menšík","CLOSED","ERRATA","CVE-2016-9444 bind: assertion failure while handling an unusually-formed DS record response [fedora-all]","2017-01-16 15:50:09"
1412463,"Fedora","bind99","Petr Menšík","CLOSED","ERRATA","CVE-2016-9444 bind99: bind: assertion failure while handling an unusually-formed DS record response [fedora-all]","2017-01-16 15:50:22"
1441912,"Fedora","bind","Petr Menšík","CLOSED","ERRATA","CVE-2017-3137 bind: Processing a response containing CNAME or DNAME with unusual order can crash resolver [fedora-all]","2017-04-22 04:19:56"
1441913,"Fedora","bind99","Petr Menšík","CLOSED","ERRATA","CVE-2017-3137 bind99: bind: Processing a response containing CNAME or DNAME with unusual order can crash resolver [fedora-all]","2017-05-06 19:51:32"
1393587,"Fedora","ejabberd","Randy Barlow","CLOSED","CURRENTRELEASE","ejabberd does not start after upgrading Fedora 24 to Fedora 25","2016-11-27 18:40:34"
1409518,"Fedora","php-swiftmailer","Remi Collet","CLOSED","ERRATA","CVE-2016-10074 php-swiftmailer: Parameter injection via mail() function [fedora-all]","2017-01-08 20:20:14"
1409593,"Fedora","php-zendframework-zend-mail","Remi Collet","CLOSED","ERRATA","CVE-2016-10034 php-zendframework-zend-mail: php-zendframework: Parameter injection in setFrom() function [fedora-all]","2017-01-02 11:55:33"
1433280,"Fedora","chicken","Ricky Elrod","CLOSED","ERRATA","CVE-2017-6949 chicken: Unchecked size argument in malloc() in CHICKEN Scheme [fedora-all]","2017-06-10 00:28:36"
1449658,"Fedora","smb4k","Sergio Monteiro Basto","CLOSED","ERRATA","CVE-2017-8849 smb4k: unauthorized local command execution as root [fedora-all]","2017-06-09 14:53:49"
1443832,"Fedora","drupal8","Shawn Iwinski","CLOSED","ERRATA","CVE-2017-6919 drupal8: Access bypass [fedora-all]","2017-05-01 22:00:38"
1448127,"Fedora","libtirpc","Steve Dickson","CLOSED","ERRATA","CVE-2017-8779 libtirpc: rpcbind: Unbounded maximum RPC data size during memory allocation for XDR strings [fedora-all]","2017-06-09 15:00:49"
1448128,"Fedora","rpcbind","Steve Dickson","CLOSED","ERRATA","CVE-2017-8779 rpcbind: Unbounded maximum RPC data size during memory allocation for XDR strings [fedora-all]","2017-05-15 07:20:32"
1398243,"Fedora","lxc","Thomas Moschny","CLOSED","ERRATA","CVE-2016-8649 lxc: lxc-attach to malicious container allows access to host [fedora-all]","2016-12-13 19:51:20"
1416680,"Fedora","chromium","Tom ""spot"" Callaway","CLOSED","CURRENTRELEASE","chromium: various flaws [fedora-all]","2017-03-08 17:41:50"
1443852,"Fedora","chromium","Tom ""spot"" Callaway","CLOSED","ERRATA","CVE-2017-5057 CVE-2017-5058 CVE-2017-5059 CVE-2017-5060 CVE-2017-5061 CVE-2017-5062 CVE-2017-5063 CVE-2017-5064 CVE-2017-5065 CVE-2017-5066 CVE-2017-5067 CVE-2017-5069 chromium: various flaws [fedora-all]","2017-06-09 14:59:45"
1448034,"Fedora","chromium","Tom ""spot"" Callaway","CLOSED","ERRATA","CVE-2017-5068 chromium: chromium-browser: race condition in webrtc [fedora-all]","2017-06-09 14:59:51"
1462154,"Fedora","chromium","Tom ""spot"" Callaway","CLOSED","ERRATA","CVE-2017-5087 CVE-2017-5088 CVE-2017-5089 chromium: various flaws [fedora-all]","2017-06-22 09:36:30"
1182757,"Fedora","dnf",,"CLOSED","RAWHIDE","installing both arch packages in oneline installing only one pkg","2017-05-12 13:36:36"
1224908,"Fedora","dnf",,"CLOSED","RAWHIDE","dnf fails to verify gpgkey","2017-05-27 03:23:56"
1450409,"Fedora","git",,"CLOSED","CURRENTRELEASE","CVE-2017-8386 git: Escape out of git-shell [fedora-all]","2017-05-12 08:45:38"
1440760,"Fedora","libsndfile","Andreas Thienemann","CLOSED","ERRATA","CVE-2017-7585 CVE-2017-7586 libsndfile: various flaws [fedora-all]","2017-04-17 16:51:57"
1462832,"Fedora","libffi","Anthony Green","CLOSED","ERRATA","CVE-2017-1000376 libffi: Requests an executable stack [fedora-all]","2017-06-22 09:37:28"
1400908,"Fedora","gstreamer-plugins-bad-free","Benjamin Otte","CLOSED","CURRENTRELEASE","CVE-2016-9447 gstreamer-plugins-bad-free: Lack of ROM size checking when mapping into 6502 memory and bank switching [fedora-all]","2017-02-08 04:55:42"
1400910,"Fedora","gstreamer-plugins-bad-free","Benjamin Otte","CLOSED","CURRENTRELEASE","CVE-2016-9445 gstreamer-plugins-bad-free: Integer overflow when allocating render buffer in vmnc decoder [fedora-all]","2017-02-08 04:57:17"
1419614,"Fedora","gstreamer-plugins-bad-free","Benjamin Otte","CLOSED","WONTFIX","CVE-2017-5843 CVE-2017-5848 gstreamer-plugins-bad-free: various flaws [fedora-all]","2017-02-08 06:23:53"
1427716,"Fedora","libXdmcp","Benjamin Tissoires","CLOSED","ERRATA","CVE-2017-2625 libXdmcp: weak entropy usage for session keys [fedora-all]","2017-04-01 12:58:34"
1410075,"Fedora","pcsc-lite","Bob Relyea","CLOSED","ERRATA","CVE-2016-10109 pcsc-lite: Use-after-free of cardsList due to SCardReleaseContext invocations [fedora-all]","2017-01-13 02:20:53"
1399070,"Fedora","gstreamer1-plugins-bad-free","Brian Pepple","CLOSED","CURRENTRELEASE","CVE-2016-9445 gstreamer1-plugins-bad-free: gstreamer-plugins-bad-free: Integer overflow when allocating render buffer in vmnc decoder [fedora-all]","2017-02-08 05:04:51"
1419616,"Fedora","gstreamer1-plugins-bad-free","Brian Pepple","CLOSED","ERRATA","CVE-2017-5843 CVE-2017-5848 gstreamer1-plugins-bad-free: various flaws [fedora-all]","2017-05-14 16:20:07"
1418992,"Fedora","libwmf","Caolan McNamara","CLOSED","ERRATA","CVE-2016-10166 CVE-2016-10167 CVE-2016-10168 CVE-2016-6912 CVE-2016-9317 libwmf: various flaws [fedora-all]","2017-03-13 19:49:51"
1444065,"Fedora","libreoffice","Caolan McNamara","CLOSED","ERRATA","CVE-2017-7856 CVE-2017-7870 CVE-2017-7882 libreoffice: various flaws [fedora-all]","2017-05-15 00:26:04"
1447280,"Fedora","libreoffice","Caolan McNamara","CLOSED","CURRENTRELEASE","CVE-2017-8358 libreoffice: heap-based buffer overflow related to the ReadJPEG function [fedora-all]","2017-05-02 06:54:04"
1419509,"Fedora","zoneminder","Charles R. Anderson","CLOSED","ERRATA","CVE-2017-5595 zoneminder: File disclosure due to unfiltered user-input [fedora-all]","2017-02-18 13:50:04"
1434111,"Fedora","pcs","Chris Feist","CLOSED","ERRATA","CVE-2017-2661 pcs: Improper node name field validation when creating clusters leads to XSS [fedora-all]","2017-04-03 18:53:20"
1432532,"Fedora","spice","Christophe Fergeau","CLOSED","CURRENTRELEASE","CVE-2016-9577 spice: Buffer overflow in main_channel_alloc_msg_rcv_buf when reading large messages [fedora-all]","2017-03-15 11:29:29"
1399547,"Fedora","js-jquery1","Christopher Tubbs","CLOSED","ERRATA","js-jquery1: js-jquery: Cross-site scripting via cross-domain ajax requests [fedora-all]","2017-01-06 00:05:39"
1399549,"Fedora","js-jquery","Christopher Tubbs","CLOSED","ERRATA","js-jquery: Cross-site scripting via cross-domain ajax requests [fedora-all]","2017-01-06 00:05:52"
1403825,"Fedora","tomcat","Coty Sutherland","CLOSED","ERRATA","CVE-2016-8745 tomcat: information disclosure due to incorrect Processor sharing [fedora-all]","2017-02-28 20:20:19"
1418955,"Fedora","gtk-vnc","Daniel Berrange","CLOSED","ERRATA","CVE-2017-5884 CVE-2017-5885 gtk-vnc: various flaws [fedora-all]","2017-03-05 15:49:37"
1421998,"Fedora","libxml2","Daniel Veillard","CLOSED","ERRATA","CVE-2017-5969 libxml2: Null pointer dereference in xmlSaveDoc implementation [fedora-all]","2017-04-19 05:24:10"
1427814,"Fedora","kf5-kio","Daniel Vrátil","CLOSED","ERRATA","CVE-2017-6410 kf5-kio: kf5-kio, kdelibs: Information Leak when accessing https when using a malicious PAC file [fedora-all]","2017-03-04 21:51:20"
1410022,"Fedora","ghostscript","David Kaspar [Dee'Kej]","CLOSED","ERRATA","CVE-2016-9601 ghostscript: Heap-buffer overflow due to Integer overflow in jbig2_image_new function [fedora-all]","2017-01-29 17:17:53"
1434497,"Fedora","ghostscript","David Kaspar [Dee'Kej]","CLOSED","ERRATA","CVE-2017-7207 ghostscript: Null pointer dereference in mem_get_bits_rectangle() [fedora-all]","2017-04-19 03:49:02"
1425857,"Fedora","munin","d. johnson","CLOSED","ERRATA","CVE-2017-6188 munin: Local file write vulnerability with CGI graphs enabled [fedora-all]","2017-03-18 11:50:42"
1438687,"Fedora","ming","Dominik 'Rathann' Mierzejewski","CLOSED","ERRATA","CVE-2016-9264 CVE-2016-9265 CVE-2016-9266 CVE-2016-9827 CVE-2016-9828 CVE-2016-9829 CVE-2016-9831 ming: Multiple security vulnerabilities [fedora-all]","2017-04-19 05:23:13"
1444101,"Fedora","icu","Eike Rathke","CLOSED","ERRATA","CVE-2017-7867 CVE-2017-7868 icu: various flaws [fedora-all]","2017-05-06 19:51:41"
1403792,"Fedora","mcabber","Fabio Alessandro Locati","CLOSED","CURRENTRELEASE","CVE-2016-9928 mcabber: remote attackers can modify the roster and intercept messages via a crafted roster-push IQ stanza [fedora-all]","2016-12-25 05:37:25"
1429836,"Fedora","qbittorrent","Fabio Alessandro Locati","CLOSED","ERRATA","CVE-2017-6503 CVE-2017-6504 qbittorrent: Multiple security issues [fedora-all]","2017-03-28 19:52:30"
1373463,"Fedora","qemu","Fedora Virtualization Maintainers","CLOSED","ERRATA","CVE-2016-7155 Qemu: scsi: pvscsi: OOB read and infinite loop while setting descriptor rings [fedora-all]","2016-10-18 07:25:10"
1376777,"Fedora","qemu","Fedora Virtualization Maintainers","CLOSED","ERRATA","CVE-2016-7423 Qemu: scsi: mptsas: OOB access when freeing MPTSASRequest object [fedora-all]","2016-10-18 07:27:36"
1406368,"Fedora","qemu","Fedora Virtualization Maintainers","CLOSED","ERRATA","CVE-2016-10028 Qemu: display: virtio-gpu-3d: OOB access while reading virgl capabilities [fedora-all]","2017-01-25 15:22:09"
1406392,"Fedora","qemu","Fedora Virtualization Maintainers","CLOSED","CURRENTRELEASE","CVE-2016-10029 Qemu: display: virtio-gpu: out of bounds read in virtio_gpu_set_scanout [fedora-all]","2017-01-16 15:19:00"
1417560,"Fedora","qemu","Fedora Virtualization Maintainers","CLOSED","ERRATA","CVE-2017-5667 Qemu: sd: sdhci OOB access during multi block SDMA transfer [fedora-all]","2017-03-21 12:51:10"
1419700,"Fedora","qemu","Fedora Virtualization Maintainers","CLOSED","ERRATA","CVE-2017-5898 Qemu: usb: integer overflow in emulated_apdu_from_guest [fedora-all]","2017-03-21 12:51:29"
1423359,"Fedora","qemu","Fedora Virtualization Maintainers","CLOSED","ERRATA","CVE-2017-6058 Qemu: net: vmxnet3: OOB NetRxPkt::ehdr_buf access when doing vlan stripping [fedora-all]","2017-03-18 15:58:21"
1421077,"Fedora","python-sleekxmpp","Florent Le Coz","CLOSED","ERRATA","CVE-2017-5591 python-sleekxmpp: User impersonation vulnerability [fedora-all]","2017-04-12 16:22:41"
1417863,"Fedora","mingw-wavpack","František Dvořák","CLOSED","ERRATA","CVE-2016-10169 CVE-2016-10170 CVE-2016-10171 CVE-2016-10172 mingw-wavpack: various flaws [fedora-all]","2017-02-20 14:19:33"
1087182,"Fedora","mojarra","gil cattaneo","CLOSED","ERRATA","CVE-2013-5855 mojarra: Mojarra JSF2: XSS due to insufficient escaping of user-supplied content in outputText tags and EL expressions [fedora-all]","2016-10-08 22:45:29"
1406704,"Fedora","smack","gil cattaneo","CLOSED","ERRATA","CVE-2016-10027 smack: TLS SecurityMode.required bypass via StripTLS attack [fedora-all]","2016-12-29 02:19:35"
1408165,"Fedora","springframework","gil cattaneo","CLOSED","ERRATA","CVE-2016-9878 springframework: Spring Framework: Directory Traversal in the Spring Framework ResourceServlet [fedora-all]","2017-01-01 16:50:45"
1409840,"Fedora","springframework-security","gil cattaneo","CLOSED","ERRATA","CVE-2016-9879 springframework-security: Spring Security: Improper handling of path parameters allows bypassing the security constraint [fedora-all]","2017-01-12 00:24:18"
1425458,"Fedora","cxf","gil cattaneo","CLOSED","ERRATA","CVE-2017-3156 cxf: CXF OAuth2 Hawk and JOSE MAC Validation code are vulnerable to timing attacks [fedora-all]","2017-03-01 20:20:26"
1405984,"Fedora","samba","Guenther Deschner","CLOSED","ERRATA","CVE-2016-2125 CVE-2016-2126 samba: various flaws [fedora-all]","2017-01-08 20:21:17"
1435156,"Fedora","samba","Guenther Deschner","CLOSED","ERRATA","CVE-2017-2619 samba: symlink race permits opening files outside share directory [fedora-all]","2017-04-15 18:48:04"
1401064,"Fedora","moodle","Gwyn Ciesla","CLOSED","ERRATA","CVE-2016-8642 CVE-2016-8643 CVE-2016-8644 CVE-2017-2576 CVE-2017-2578 moodle: various flaws [fedora-all]","2017-02-09 12:49:06"
1447318,"Fedora","ettercap","Gwyn Ciesla","CLOSED","ERRATA","CVE-2017-8366 ettercap: Heap-based buffer overflow in strescape function in ec_strings.c [fedora-all]","2017-06-15 05:22:54"
1451671,"Fedora","moodle","Gwyn Ciesla","CLOSED","ERRATA","CVE-2017-7489 CVE-2017-7490 CVE-2017-7491 moodle: Multiple security vulnerabilities [fedora-all]","2017-05-26 23:00:52"
1411859,"Fedora","libgit2","Igor Gnatenko","CLOSED","ERRATA","CVE-2016-10128 CVE-2016-10129 CVE-2016-10130 CVE-2017-5338 CVE-2017-5339 libgit2: Two vulnerabilities fixed in libgit 0.25.1 and 0.24.6 [fedora-all]","2017-01-13 22:51:21"
1404690,"Fedora","freeipa","IPA Maintainers","CLOSED","ERRATA","CVE-2016-7030 freeipa: ipa: DoS attack against kerberized services by abusing password policy [fedora-all]","2017-01-03 16:24:13"
1404718,"Fedora","freeipa","IPA Maintainers","CLOSED","ERRATA","CVE-2016-9575 freeipa: ipa: Insufficient permission check in certprofile-mod [fedora-all]","2017-01-03 16:24:03"
1427094,"Fedora","freeipa","IPA Maintainers","CLOSED","ERRATA","CVE-2017-2590 freeipa: ipa: Insufficient permission check for ca-del, ca-disable and ca-enable commands [fedora-all]","2017-03-08 08:55:18"
1404971,"Fedora","xrdp","Itamar Reis Peixoto","CLOSED","ERRATA","CVE-2013-1430 xrdp: Cleartext password shown in file after logging into xrdp session [fedora-all]","2017-03-02 22:49:17"
1433959,"Fedora","xrdp","Itamar Reis Peixoto","CLOSED","ERRATA","CVE-2017-6967 xrdp: Incorrect placement of auth_start_session() [fedora-all]","2017-04-16 16:23:30"
1439695,"Fedora","proftpd","Itamar Reis Peixoto","CLOSED","ERRATA","CVE-2017-7418 proftpd: AllowChrootSymlinks control bypass [fedora-all]","2017-04-19 05:23:41"
1401987,"Fedora","golang","Jakub Čajka","CLOSED","ERRATA","golang: net/http: multipart ReadForm close file after copy [fedora-all]","2016-12-16 19:23:19"
1406296,"Fedora","openssh","Jakub Jelen","CLOSED","ERRATA","CVE-2016-10009 CVE-2016-10010 CVE-2016-10011 CVE-2016-10012 openssh: various flaws [fedora-all]","2017-01-06 15:21:52"
1406316,"Fedora","tor","Jamie Nguyen","CLOSED","ERRATA","CVE-2016-1254 tor: Remote DoS via parsing problem [fedora-all]","2016-12-31 03:23:17"
1428876,"Fedora","tor","Jamie Nguyen","CLOSED","ERRATA","tor: Integer underflow when comparing malformed tor versions [fedora-all]","2017-03-13 22:21:41"
1415719,"Fedora","tigervnc","Jan Grulich","CLOSED","CURRENTRELEASE","CVE-2016-10207 CVE-2017-5581 tigervnc: various flaws [fedora-all]","2017-02-06 03:20:30"
1410829,"Fedora","irssi","Jaroslav Škarvada","CLOSED","ERRATA","CVE-2017-5193 CVE-2017-5194 CVE-2017-5195 CVE-2017-5196 CVE-2017-5356 irssi: various flaws [fedora-all]","2017-01-30 17:17:00"
1399871,"Fedora","subversion","Joe Orton","CLOSED","ERRATA","CVE-2016-8734 subversion: unrestricted XML entity expansion in mod_dontdothat and Subversion clients using http(s):// [fedora-all]","2017-01-06 02:52:48"
1396986,"Fedora","jasper","Josef Ridky","CLOSED","ERRATA","CVE-2016-9387 CVE-2016-9388 CVE-2016-9389 CVE-2016-9390 CVE-2016-9391 CVE-2016-9392 CVE-2016-9393 CVE-2016-9394 CVE-2016-9560 jasper: various flaws [fedora-all]","2017-05-18 16:59:52"
1406408,"Fedora","jasper","Josef Ridky","CLOSED","ERRATA","CVE-2016-9591 CVE-2016-9600 CVE-2016-10251 jasper: various flaws [fedora-all]","2017-05-18 16:59:48"
1447247,"Fedora","radicale","Juan Orti","CLOSED","ERRATA","CVE-2017-8342 radicale: Insufficient protection against timing oracles and bruteforce attacks [fedora-all]","2017-05-15 00:35:35"
1456764,"Fedora","mingw-libtasn1","Kalev Lember","CLOSED","ERRATA","CVE-2017-6891 mingw-libtasn1: libtasn1: Stack-based buffer overflow in asn1_find_node() [fedora-all]","2017-06-09 15:16:13"
1391862,"Fedora","lynx","Kamil Dudka","CLOSED","ERRATA","CVE-2016-9179 lynx: Invalid URL parsing of pages containing '?' [fedora-all]","2017-02-14 16:22:51"
1406716,"Fedora","curl","Kamil Dudka","CLOSED","ERRATA","CVE-2016-9586 curl: printf floating point buffer overflow [fedora-all]","2016-12-31 18:20:18"
1425713,"Fedora","util-linux","Karel Zak","CLOSED","ERRATA","CVE-2017-2616 util-linux: Sending SIGKILL to other processes with root privileges via su [fedora-all]","2017-02-28 20:20:48"
1421652,"Fedora","vim","Karsten Hopp","CLOSED","ERRATA","CVE-2017-5953 vim: Tree length values not validated properly when handling a spell file [fedora-all]","2017-02-27 17:47:58"
1399522,"Fedora","kernel","Kernel Maintainer List","CLOSED","ERRATA","CVE-2016-9313 kernel: security/keys/big_key.c mishandles unsuccessful crypto registration [fedora-all]","2016-12-21 12:46:40"
1400905,"Fedora","kernel","Kernel Maintainer List","CLOSED","ERRATA","CVE-2016-9755 kernel: netfilter: Out-of-bounds write due to a signedness issue when defragmenting ipv6 packets [fedora-all]","2016-12-09 21:52:13"
1402014,"Fedora","kernel","Kernel Maintainer List","CLOSED","ERRATA","CVE-2016-9793 kernel: Signed overflow for SO_{SND|RCV}BUFFORCE [fedora-all]","2016-12-12 23:21:41"
1402888,"Fedora","kernel","Kernel Maintainer List","CLOSED","CURRENTRELEASE","CVE-2016-7913 kernel: media: use-after-free in [tuner-xc2028] media driver [fedora-all]","2016-12-08 13:44:46"
1404925,"Fedora","kernel","Kernel Maintainer List","CLOSED","ERRATA","CVE-2016-9588 Kernel: kvm: nVMX: uncaught software exceptions in L1 guest leads to DoS [fedora-all]","2016-12-23 08:50:56"
1414736,"Fedora","kernel","Kernel Maintainer List","CLOSED","ERRATA","CVE-2017-2583 Kernel: Kvm: vmx/svm potential privilege escalation inside guest [fedora-all]","2017-01-23 22:48:36"
1416128,"Fedora","kernel","Kernel Maintainer List","CLOSED","ERRATA","CVE-2016-10153 CVE-2016-10154 CVE-2017-5547 CVE-2017-5548 CVE-2017-5549 CVE-2017-5550 CVE-2017-5551 kernel: various flaws [fedora-all]","2017-01-30 17:18:02"
1416439,"Fedora","kernel","Kernel Maintainer List","CLOSED","ERRATA","CVE-2017-5576 CVE-2017-5577 kernel: various flaws [fedora-all]","2017-01-30 17:17:55"
1417813,"Fedora","kernel","Kernel Maintainer List","CLOSED","ERRATA","CVE-2017-2596 Kernel: kvm: page reference leakage in handle_vmon [fedora-all]","2017-02-06 19:53:38"
1421741,"Fedora","kernel","Kernel Maintainer List","CLOSED","ERRATA","CVE-2017-5986 kernel: Reachable BUG_ON from userspace in sctp_wait_for_sndbuf [fedora-all]","2017-02-14 09:17:12"
1422140,"Fedora","kernel","Kernel Maintainer List","CLOSED","ERRATA","CVE-2017-5967 kernel: Time subsystem allows local users to discover real PID values [fedora-all]","2017-02-20 14:19:43"
1422827,"Fedora","kernel","Kernel Maintainer List","CLOSED","ERRATA","CVE-2017-6001 kernel: Race condition between multiple sys_perf_event_open() calls [fedora-all]","2017-02-16 07:58:09"
1428910,"Fedora","kernel","Kernel Maintainer List","CLOSED","ERRATA","CVE-2017-6353 kernel: Possible double free in stcp_sendmsg() (incorrect fix for CVE-2017-5986) [fedora-all]","2017-03-11 07:20:43"
1429357,"Fedora","kernel","Kernel Maintainer List","CLOSED","CURRENTRELEASE","qla2xxx FC - Server crash when resetting the adapter","2017-04-13 12:32:38"
1430585,"Fedora","kernel","Kernel Maintainer List","CLOSED","ERRATA","CVE-2017-6214 kernel: ipv4/tcp: Infinite loop in tcp_splice_read() [fedora-all]","2017-03-09 14:53:10"
1430968,"Fedora","kernel","Kernel Maintainer List","CLOSED","ERRATA","CVE-2016-10208 kernel: EXT4 memory corruption / SLAB out-of-bounds read [fedora-all]","2017-03-10 08:51:46"
1432430,"Fedora","kernel","Kernel Maintainer List","CLOSED","ERRATA","CVE-2017-6874 kernel: Race condition in kernel/ucount.c [fedora-all]","2017-03-28 19:53:14"
1433198,"Fedora","kernel","Kernel Maintainer List","CLOSED","ERRATA","CVE-2017-5970 kernel: ipv4: Invalid IP options could cause skb->dst drop [fedora-all]","2017-03-17 08:25:08"
1436661,"Fedora","kernel","Kernel Maintainer List","CLOSED","ERRATA","CVE-2017-7277 kernel: Mishandling SCM_TIMESTAMPING_OPT_STATS feature causes out-of-bounds read [fedora-all]","2017-04-03 18:54:08"
1436663,"Fedora","kernel","Kernel Maintainer List","CLOSED","ERRATA","CVE-2017-2671 kernel: various flaws [fedora-all]","2017-04-14 18:49:51"
1437406,"Fedora","kernel","Kernel Maintainer List","CLOSED","ERRATA","CVE-2017-7308 kernel: net/packet: overflow in check for priv area size [fedora-all]","2017-04-17 16:52:47"
1439045,"Fedora","kernel","Kernel Maintainer List","CLOSED","ERRATA","CVE-2017-7187 kernel: scsi: Stack-based buffer overflow in sg_ioctl function [fedora-all]","2017-04-14 18:49:36"
1441095,"Fedora","kernel","Kernel Maintainer List","CLOSED","ERRATA","CVE-2017-7616 CVE-2017-7618 kernel: various flaws [fedora-all]","2017-04-17 16:52:54"
1442093,"Fedora","kernel","Kernel Maintainer List","CLOSED","ERRATA","CVE-2017-7472 kernel: keyctl_set_reqkey_keyring() leaks thread keyrings [fedora-all]","2017-05-12 08:30:17"
1442927,"Fedora","kernel","Kernel Maintainer List","CLOSED","ERRATA","CVE-2017-6347 kernel: ipv4: Incorrect IP_CHECKSUM handling [fedora-all]","2017-04-18 08:40:41"
1445344,"Fedora","kernel","Kernel Maintainer List","CLOSED","ERRATA","CVE-2017-8063 CVE-2017-8064 CVE-2017-8065 CVE-2017-8067 CVE-2017-8068 CVE-2017-8069 CVE-2017-8070 kernel: various flaws [fedora-all]","2017-04-27 10:07:16"
1450417,"Fedora","kernel","Kernel Maintainer List","CLOSED","ERRATA","CVE-2017-7487 kernel: Reference counter leak in ipxitf_ioctl resulting into use after free [fedora-all]","2017-05-22 20:39:40"
1451996,"Fedora","kernel","Kernel Maintainer List","CLOSED","ERRATA","CVE-2017-9059 kernel: Module reference leak due to improper shut down of callback channel on umount [fedora-all]","2017-05-26 22:52:24"
1454648,"Fedora","kernel","Kernel Maintainer List","CLOSED","ERRATA","CVE-2017-9150 kernel: eBPF verifier log leaks lower half of map pointer [fedora-all]","2017-05-30 10:40:07"
1462173,"Fedora","kernel","Kernel Maintainer List","CLOSED","ERRATA","CVE-2017-9605 kernel: Uninitialized kernel memory leak in vmw_gb_surface_define_ioctl function [fedora-all]","2017-06-16 08:01:39"
1411805,"Fedora","tinymce","Kevin Fenzi","CLOSED","CURRENTRELEASE","tinymce: Script elements filtering in default config implementation allows XSS [fedora-all]","2017-01-20 15:57:28"
1417557,"Fedora","calibre","Kevin Fenzi","CLOSED","ERRATA","CVE-2016-10187 calibre: Javascript in the book can access files on the computer using XMLHttpRequest [fedora-all]","2017-02-07 20:51:44"
1450279,"Fedora","ansible","Kevin Fenzi","CLOSED","ERRATA","CVE-2017-7481 ansible: Security issue with lookup return not tainting the jinja2 environment [fedora-all]","2017-06-11 19:32:45"
1456399,"Fedora","picocom","Kevin Fenzi","CLOSED","ERRATA","CVE-2015-9059 picocom: Command injection in the ""send and receive file"" command [fedora-all]","2017-06-11 19:32:40"
1452740,"Fedora","dropbear","Lennert Buytenhek","CLOSED","ERRATA","CVE-2017-9078 CVE-2017-9079 dropbear: Multiple vulnerabilities fixed in 2017.75 version [fedora-all]","2017-06-09 15:12:56"
1417587,"Fedora","links","Lubomir Rintel","CLOSED","ERRATA","links: Multiple vulnerabilities fixed in 2.14 release [fedora-all]","2017-04-01 13:27:48"
1401530,"Fedora","httpd","Luboš Uhliarik","CLOSED","ERRATA","CVE-2016-8740 httpd: Incomplete handling of LimitRequestFields directive in mod_http2 [fedora-all]","2016-12-10 21:23:28"
1405944,"Fedora","squid","Luboš Uhliarik","CLOSED","ERRATA","CVE-2016-10002 CVE-2016-10003 squid: various flaws [fedora-all]","2017-01-20 12:52:46"
1406823,"Fedora","httpd","Luboš Uhliarik","CLOSED","ERRATA","CVE-2016-0736 CVE-2016-2161 CVE-2016-8743 httpd: various flaws [fedora-all]","2017-01-31 08:52:05"
1449114,"Fedora","lxterminal","Mamoru TASAKA","CLOSED","ERRATA","CVE-2016-10369 lxterminal: Insecure use of /tmp for a socket file [fedora-all]","2017-06-09 14:57:33"
1451065,"Fedora","pcmanfm","Mamoru TASAKA","CLOSED","ERRATA","CVE-2017-8934 pcmanfm: Insecure temporary file creation in get_socket_name function [fedora-all]","2017-06-09 14:57:39"
1451070,"Fedora","menu-cache","Mamoru TASAKA","CLOSED","ERRATA","CVE-2017-8933 menu-cache: Insecure temporary file creation in get_socket_name function [fedora-all]","2017-06-09 14:57:37"
1419618,"Fedora","mingw-gstreamer1-plugins-bad-free","Marc-Andre Lureau","CLOSED","ERRATA","CVE-2017-5843 CVE-2017-5848 mingw-gstreamer1-plugins-bad-free: various flaws [fedora-all]","2017-02-20 13:51:29"
1406813,"Fedora","cxf","Marek Goldmann","CLOSED","ERRATA","CVE-2016-6812 CVE-2016-8739 cxf: various flaws [fedora-all]","2016-12-31 01:48:51"
1429968,"Fedora","freetype","Marek Kašík","CLOSED","ERRATA","CVE-2016-10244 freetype: parse_charstrings function in type1/t1load.c does not ensure that a font contains a glyph name [fedora-all]","2017-03-13 19:51:53"
1446074,"Fedora","freetype","Marek Kašík","CLOSED","ERRATA","CVE-2017-8287 freetype: heap-based buffer overflow related to the t1_builder_close_contour function [fedora-all]","2017-05-06 20:02:01"
1446501,"Fedora","freetype","Marek Kašík","CLOSED","ERRATA","CVE-2017-8105 freetype: heap-based buffer overflow related to the t1_decoder_parse_charstrings [fedora-all]","2017-05-06 20:01:58"
1411252,"Fedora","icoutils","Martin Gieseking","CLOSED","ERRATA","CVE-2017-5208 icoutils: Check_offset overflow on 64-bit systems [fedora-all]","2017-01-17 15:20:19"
1412265,"Fedora","icoutils","Martin Gieseking","CLOSED","ERRATA","CVE-2017-5331 CVE-2017-5332 CVE-2017-5333 icoutils: various flaws [fedora-all]","2017-01-17 15:20:24"
1422911,"Fedora","icoutils","Martin Gieseking","CLOSED","ERRATA","CVE-2017-6009 CVE-2017-6010 CVE-2017-6011 icoutils: various flaws [fedora-all]","2017-04-01 12:49:51"
1419114,"Fedora","tcpdump","Martin Sehnoutka","CLOSED","ERRATA","tcpdump: various flaws [fedora-all]","2017-02-14 10:49:59"
1243517,"Fedora","openldap","Matus Honek","CLOSED","ERRATA","CVE-2015-3276 openldap: incorrect multi-keyword mode cipherstring parsing [fedora-all]","2017-02-02 15:22:10"
1406717,"Fedora","mingw-curl","Michael Cronenworth","CLOSED","RAWHIDE","CVE-2016-9586 mingw-curl: curl: printf floating point buffer overflow [fedora-all]","2017-01-09 15:56:18"
1417918,"Fedora","mingw-libarchive","Michael Cronenworth","CLOSED","RAWHIDE","CVE-2017-5601 mingw-libarchive: libarchive: Out of bounds read in lha_read_file_header_1() function [fedora-all]","2017-06-04 16:04:16"
1428885,"Fedora","mingw-sane-backends","Michael Cronenworth","CLOSED","RAWHIDE","CVE-2017-6318 mingw-sane-backends: sane-backends: SANE_NET_CONTROL_OPTION response packet may contain memory contents of the server [fedora-all]","2017-06-04 17:36:07"
1443383,"Fedora","mingw-curl","Michael Cronenworth","CLOSED","ERRATA","CVE-2017-7468 mingw-curl: curl: TLS session resumption client cert bypass [fedora-all]","2017-06-04 15:58:44"
1450117,"Fedora","mingw-postgresql","Michael Cronenworth","CLOSED","ERRATA","CVE-2017-7484 CVE-2017-7485 CVE-2017-7486 mingw-postgresql: various flaws [fedora-all]","2017-06-09 14:54:41"
1441541,"Fedora","jenkins-xstream","Michael Simacek","CLOSED","ERRATA","CVE-2017-7957 jenkins-xstream: XStream: DoS when unmarshalling void type [fedora-all]","2017-05-02 10:03:14"
1441542,"Fedora","xstream","Michael Simacek","CLOSED","ERRATA","CVE-2017-7957 XStream: DoS when unmarshalling void type [fedora-all]","2017-05-02 10:03:14"
1443593,"Fedora","batik","Michael Simacek","CLOSED","ERRATA","CVE-2017-5662 batik: XML external entity processing vulnerability [fedora-all]","2017-05-09 23:59:02"
1399747,"Fedora","xen","Michael Young","CLOSED","ERRATA","CVE-2016-9815 CVE-2016-9816 CVE-2016-9817 CVE-2016-9818 xsa201 xen: ARM guests may induce host asynchronous abort (XSA-201) [fedora-all]","2016-12-23 08:50:38"
1404262,"Fedora","xen","Michael Young","CLOSED","ERRATA","CVE-2016-9932 xsa200 xen: x86 CMPXCHG8B emulation fails to ignore operand size override (XSA-200) [fedora-all]","2016-12-23 08:50:33"
1406840,"Fedora","xen","Michael Young","CLOSED","ERRATA","CVE-2016-10024 CVE-2016-10025 xen: various flaws [fedora-all]","2016-12-31 03:23:32"
1422492,"Fedora","xen","Michael Young","CLOSED","ERRATA","xsa207 xen: memory leak when destroying guest without PT devices (XSA-207) [fedora-all]","2017-02-25 19:18:57"
1436690,"Fedora","xen","Michael Young","CLOSED","ERRATA","xen: xsa206 xen: xenstore denial of service via repeated update (XSA-206) [fedora-all]","2017-04-14 18:18:20"
1440740,"Fedora","yara","Michal Ambroz","CLOSED","ERRATA","CVE-2016-10210 CVE-2016-10211 CVE-2017-5923 CVE-2017-5924 yara: Multiple security issues [fedora-all]","2017-04-29 20:17:56"
1401025,"Fedora","dovecot","Michal Hlavinka","CLOSED","ERRATA","CVE-2016-8652 dovecot: Remote crash when auth-policy component is activated [fedora-all]","2017-01-02 14:50:01"
1416017,"Fedora","quagga","Michal Ruprich","CLOSED","ERRATA","CVE-2017-5495 quagga: Telnet interface input buffer allocates unbounded amounts of memory [fedora-all]","2017-02-24 18:18:39"
1414386,"Fedora","community-mysql","Michal Schorm","CLOSED","CURRENTRELEASE","CVE-2017-3265 community-mysql: various flaws [fedora-all]","2017-04-28 21:56:07"
1414387,"Fedora","mariadb","Michal Schorm","CLOSED","CURRENTRELEASE","CVE-2017-3238 CVE-2017-3243 CVE-2017-3244 CVE-2017-3257 CVE-2017-3258 CVE-2017-3265 CVE-2017-3291 CVE-2017-3312 CVE-2017-3313 CVE-2017-3317 CVE-2017-3318 mariadb: various flaws [fedora-all]","2017-06-16 19:43:23"
1433350,"Fedora","community-mysql","Michal Schorm","CLOSED","CURRENTRELEASE","CVE-2016-5483 community-mysql: mariadb, mysql: Incorrect input validation allowing code execution via mysqldump [fedora-all]","2017-04-28 22:06:10"
1435163,"Fedora","ntp","Miroslav Lichvar","CLOSED","ERRATA","CVE-2017-6464 CVE-2017-6462 CVE-2017-6463 CVE-2017-6458 CVE-2017-6451 ntp: various flaws [fedora-all]","2017-04-18 12:48:38"
1413518,"Fedora","pdns","Morten Stevens","CLOSED","ERRATA","CVE-2016-2120 CVE-2016-7068 CVE-2016-7072 CVE-2016-7073 CVE-2016-7074 pdns: Multiple security vulnerabilities fixed in latest versions [fedora-all]","2017-01-28 19:49:10"
1417604,"Fedora","cacti","Morten Stevens","CLOSED","ERRATA","CVE-2014-4000 cacti: Multiple issues fixed in 1.0.0 version [fedora-all]","2017-03-08 08:27:51"
1443629,"Fedora","capnproto","Neal Gompa","CLOSED","ERRATA","CVE-2017-7892 capnproto: Integer overflow due to a malicious message [fedora-all]","2017-06-17 22:22:04"
1411822,"Fedora","ark","Ngo Than","CLOSED","ERRATA","CVE-2017-5330 ark: Unintended execution of scripts and executable files [fedora-all]","2017-01-19 00:54:04"
1421720,"Fedora","plasma-desktop","Ngo Than","CLOSED","ERRATA","plasma-desktop: Folder view does not honor kiorc settings [fedora-all]","2017-02-22 12:24:54"
1427813,"Fedora","kdelibs","Ngo Than","CLOSED","ERRATA","CVE-2017-6410 kdelibs: kf5-kio, kdelibs: Information Leak when accessing https when using a malicious PAC file [fedora-all]","2017-03-11 06:50:25"
1411838,"Fedora","gnutls","Nikos Mavrogiannopoulos","CLOSED","ERRATA","CVE-2017-5334 CVE-2017-5335 CVE-2017-5336 CVE-2017-5337 gnutls: various flaws [fedora-all]","2017-01-14 00:19:38"
1456765,"Fedora","libtasn1","Nikos Mavrogiannopoulos","CLOSED","ERRATA","CVE-2017-6891 libtasn1: Stack-based buffer overflow in asn1_find_node() [fedora-all]","2017-06-09 15:14:33"
1459795,"Fedora","gnutls","Nikos Mavrogiannopoulos","CLOSED","ERRATA","CVE-2017-7507 gnutls: Crash upon receiving well-formed status_request extension [fedora-all]","2017-06-11 19:32:55"
1428886,"Fedora","sane-backends","Nils Philippsen","CLOSED","ERRATA","CVE-2017-6318 sane-backends: SANE_NET_CONTROL_OPTION response packet may contain memory contents of the server [fedora-all]","2017-05-19 18:54:04"
1452051,"Fedora","perltidy","Paul Howarth","CLOSED","ERRATA","CVE-2016-10374 perltidy: Uses current working directory without symlink-attack protection [fedora-all]","2017-06-11 19:32:23"
1444881,"Fedora","weechat","Paul P Komkoff Jr","CLOSED","ERRATA","CVE-2017-8073 weechat: Buffer overflow in the irc_ctcp_dcc_filename_without_quotes function [fedora-all]","2017-05-09 23:59:24"
1417920,"Fedora","libarchive","Pavel Raiskup","CLOSED","ERRATA","CVE-2017-5601 libarchive: Out of bounds read in lha_read_file_header_1() function [fedora-all]","2017-04-22 05:23:03"
1450115,"Fedora","postgresql","Pavel Raiskup","CLOSED","ERRATA","CVE-2017-7484 CVE-2017-7485 CVE-2017-7486 postgresql: various flaws [fedora-all]","2017-05-15 20:55:04"
962950,"Fedora","dhcp","Pavel Zhukov","CLOSED","ERRATA","dhcpd/dhclient create an random listening port in addition to UDP 67/68","2017-06-09 15:12:07"
1452545,"Fedora","mupdf","Pavel Zhukov","CLOSED","ERRATA","CVE-2016-8728 CVE-2016-8729 mupdf: Multiple vulnerabilities [fedora-all]","2017-05-28 02:00:42"
1413009,"Fedora","percona-xtrabackup","Pete MacKinnon","CLOSED","ERRATA","CVE-2016-6225 percona-xtrabackup: Encryption IV not being set properly [fedora-all]","2017-02-05 13:18:21"
1415967,"Fedora","wireshark","Peter Hatina","CLOSED","ERRATA","CVE-2017-5596 CVE-2017-5597 wireshark: various flaws [fedora-all]","2017-02-09 15:23:44"
1429592,"Fedora","wireshark","Peter Hatina","CLOSED","ERRATA","CVE-2017-6467 CVE-2017-6468 CVE-2017-6469 CVE-2017-6470 CVE-2017-6471 CVE-2017-6472 CVE-2017-6473 CVE-2017-6474 wireshark: various flaws [fedora-all]","2017-03-12 17:52:31"
1441981,"Fedora","wireshark","Peter Hatina","CLOSED","ERRATA","CVE-2017-7700 CVE-2017-7701 CVE-2017-7702 CVE-2017-7703 CVE-2017-7704 CVE-2017-7705 CVE-2017-7745 CVE-2017-7746 CVE-2017-7747 CVE-2017-7748 wireshark: various flaws [fedora-all]","2017-05-06 20:00:30"
1458149,"Fedora","wireshark","Peter Hatina","CLOSED","ERRATA","CVE-2017-9343 CVE-2017-9344 CVE-2017-9345 CVE-2017-9346 CVE-2017-9347 CVE-2017-9348 CVE-2017-9349 CVE-2017-9350 CVE-2017-9351 CVE-2017-9352 CVE-2017-9353 CVE-2017-9354 wireshark: various flaws [fedora-all]","2017-06-19 10:32:56"
1409750,"Fedora","rabbitmq-server","Peter Lemenkov","CLOSED","ERRATA","CVE-2016-9877 rabbitmq-server: rabbitmq: MQTT connection authentication succeeds with empty password [fedora-all]","2017-03-19 21:50:11"
1417861,"Fedora","wavpack","Peter Lemenkov","CLOSED","ERRATA","CVE-2016-10169 CVE-2016-10170 CVE-2016-10171 CVE-2016-10172 wavpack: various flaws [fedora-all]","2017-02-04 18:49:04"
1433986,"Fedora","erlang","Peter Lemenkov","CLOSED","ERRATA","CVE-2016-10253 erlang: Heap-buffer overflow via regular expressions [fedora-all]","2017-04-01 13:25:41"
1412614,"Fedora","libplist","Peter Robinson","CLOSED","ERRATA","CVE-2017-5209 libplist: base64decode buffer over-read via split encoded Apple Property List data [fedora-all]","2017-05-12 15:23:02"
1416008,"Fedora","libplist","Peter Robinson","CLOSED","ERRATA","CVE-2017-5545 libplist: Heap-buffer overflow in plistutil [fedora-all]","2017-05-12 15:23:00"
1418597,"Fedora","libplist","Peter Robinson","CLOSED","ERRATA","CVE-2017-5834 CVE-2017-5835 CVE-2017-5836 libplist: various flaws [fedora-all]","2017-05-12 15:22:57"
1432971,"Fedora","libplist","Peter Robinson","CLOSED","ERRATA","CVE-2017-6435 CVE-2017-6436 CVE-2017-6437 CVE-2017-6438 CVE-2017-6439 CVE-2017-6440 CVE-2017-7982 libplist: various flaws [fedora-all]","2017-05-12 15:22:54"
1420607,"Fedora","bind","Petr Menšík","CLOSED","ERRATA","CVE-2017-3135 bind: Assertion failure when using DNS64 and RPZ Can Lead to Crash [fedora-all]","2017-02-19 17:47:33"
1420608,"Fedora","bind99","Petr Menšík","CLOSED","ERRATA","CVE-2017-3135 bind99: bind: Assertion failure when using DNS64 and RPZ Can Lead to Crash [fedora-all]","2017-03-05 15:50:16"
1441916,"Fedora","bind","Petr Menšík","CLOSED","ERRATA","CVE-2017-3136 bind: Incorrect error handling causes assertion failure when using DNS64 with ""break-dnssec yes;"" [fedora-all]","2017-04-22 04:19:52"
1441917,"Fedora","bind99","Petr Menšík","CLOSED","ERRATA","CVE-2017-3136 bind99: bind: Incorrect error handling causes assertion failure when using DNS64 with ""break-dnssec yes;"" [fedora-all]","2017-05-06 19:51:28"
1441925,"Fedora","bind","Petr Menšík","CLOSED","ERRATA","CVE-2017-3138 bind: REQUIRE assertion failure when null command string on control channel is received [fedora-all]","2017-04-22 04:20:02"
1441926,"Fedora","bind99","Petr Menšík","CLOSED","ERRATA","CVE-2017-3138 bind99: bind: REQUIRE assertion failure when null command string on control channel is received [fedora-all]","2017-05-06 19:51:37"
1399581,"Fedora","perl-DBD-MySQL","Petr Pisar","CLOSED","ERRATA","CVE-2016-1251 perl-DBD-MySQL: Use after free when using prepared statements [fedora-all]","2016-12-16 19:23:16"
1425395,"Fedora","pcre","Petr Pisar","CLOSED","ERRATA","CVE-2017-6004 pcre: Out-of-bounds read in compile_bracket_matchingpath function [fedora-all]","2017-03-29 13:33:10"
1457834,"Fedora","perl-File-Path","Petr Pisar","CLOSED","ERRATA","CVE-2017-6512 perl-File-Path: rmtree/remove_tree race condition [fedora-all]","2017-06-16 14:51:21"
1412968,"Fedora","mujs","Petr Šabata","CLOSED","ERRATA","CVE-2016-10132 CVE-2016-10133 CVE-2016-10141 CVE-2017-5627 CVE-2017-5628 mujs: Multiple security issues [fedora-all]","2017-02-22 12:51:59"
1417159,"Fedora","wordpress","Remi Collet","CLOSED","ERRATA","CVE-2017-5610 CVE-2017-5611 CVE-2017-5612 wordpress: Multiple security fixes in 4.7.2 [fedora-all]","2017-02-02 15:51:29"
1410178,"Fedora","libvncserver","Rex Dieter","CLOSED","ERRATA","CVE-2016-9941 CVE-2016-9942 libvncserver: various flaws [fedora-all]","2017-06-03 13:38:34"
1418956,"Fedora","mingw-gtk-vnc","Richard W.M. Jones","CLOSED","ERRATA","CVE-2017-5884 CVE-2017-5885 mingw-gtk-vnc: various flaws [fedora-all]","2017-03-08 08:54:48"
1459798,"Fedora","mingw-gnutls","Richard W.M. Jones","CLOSED","ERRATA","CVE-2017-7507 mingw-gnutls: gnutls: Crash upon receiving well-formed status_request extension [fedora-all]","2017-06-13 09:35:59"
1255450,"Fedora","krb5","Robbie Harwood","CLOSED","RAWHIDE","krb5 should obsolete the multilib versions of krb5-server and krb5-server-ldap","2016-08-03 17:30:38"
1399198,"Fedora","phpMyAdmin","Robert Scheck","CLOSED","ERRATA","phpMyAdmin: Multiple vulnerabilities fixed in 4.0.10.18, 4.4.15.9 and 4.6.5 versions [fedora-all]","2016-12-13 04:38:35"
1416003,"Fedora","phpMyAdmin","Robert Scheck","CLOSED","ERRATA","phpMyAdmin: various flaws [fedora-all]","2017-02-06 19:53:11"
1406682,"Fedora","tarantool","Roman Tsisyk","CLOSED","ERRATA","CVE-2016-9036 CVE-2016-9037 tarantool: Multiple DoS vulnerabilities [fedora-all]","2016-12-22 01:49:13"
1413519,"Fedora","pdns-recursor","Ruben Kerkhof","CLOSED","ERRATA","CVE-2016-2120 CVE-2016-7068 CVE-2016-7072 CVE-2016-7073 CVE-2016-7074 pdns-recursor: pdns: Multiple security vulnerabilities fixed in latest versions [fedora-all]","2017-01-24 19:21:33"
1439688,"Fedora","collectd","Ruben Kerkhof","CLOSED","CURRENTRELEASE","CVE-2017-7401 collectd: Infinite loop due to incorrect interaction of parse_packet() and parse_part_sign_sha256() functions [fedora-all]","2017-05-05 08:22:23"
1402718,"Fedora","openjpeg2","Sandro Mani","CLOSED","ERRATA","CVE-2016-9573 CVE-2016-9572 openjpeg2: various flaws [fedora-all]","2017-01-02 06:36:53"
1402720,"Fedora","mingw-openjpeg2","Sandro Mani","CLOSED","ERRATA","CVE-2016-9573 CVE-2016-9572 mingw-openjpeg2: various flaws [fedora-all]","2017-01-01 18:18:20"
1405137,"Fedora","openjpeg2","Sandro Mani","CLOSED","ERRATA","CVE-2016-9580 CVE-2016-9581 openjpeg2: various flaws [fedora-all]","2017-01-01 18:18:03"
1405139,"Fedora","mingw-openjpeg2","Sandro Mani","CLOSED","ERRATA","CVE-2016-9580 CVE-2016-9581 mingw-openjpeg2: various flaws [fedora-all]","2017-01-01 18:18:18"
1414305,"Fedora","libnl3","Thomas Haller","CLOSED","ERRATA","CVE-2017-0386 libnl3: libnl: Privilege escalation due to insufficient data checks in nla_reserve and nla_put [fedora-all]","2017-01-22 19:50:59"
1440789,"Fedora","libnl3","Thomas Haller","CLOSED","ERRATA","CVE-2017-0553 libnl3: libnl: Integer overflow in nlmsg_reserve() [fedora-all]","2017-05-04 14:23:50"
1406695,"Fedora","ikiwiki","Thomas Moschny","CLOSED","ERRATA","CVE-2016-10026 CVE-2016-9646 ikiwiki: various flaws [fedora-all]","2017-01-27 14:21:24"
1412702,"Fedora","ikiwiki","Thomas Moschny","CLOSED","ERRATA","CVE-2017-0356 ikiwiki: Authentication bypass via repeated parameters [fedora-all]","2017-01-27 14:21:27"
1163428,"Fedora","firewalld","Thomas Woerner","CLOSED","CURRENTRELEASE","rich rule with destination and no element","2016-08-16 17:01:04"
1429986,"Fedora","wget","Tomáš Hozza","CLOSED","ERRATA","CVE-2017-6508 wget: CRLF injection in the url_parse function in url.c [fedora-all]","2017-06-10 06:23:23"
1412125,"Fedora","openssl","Tomas Mraz","CLOSED","CURRENTRELEASE","CVE-2016-7056 openssl: ECSDA P-256 timing attack key recovery [fedora-all]","2017-02-06 12:31:41"
1416864,"Fedora","openssl","Tomas Mraz","CLOSED","ERRATA","CVE-2017-3731 CVE-2017-3732 openssl: various flaws [fedora-all]","2017-02-09 15:50:39"
1449106,"Fedora","authconfig","Tomas Mraz","CLOSED","ERRATA","CVE-2017-7488 authconfig: Information leak when SSSD is used for authentication against remote server [fedora-all]","2017-06-09 14:59:23"
1399992,"Fedora","libdwarf","Tom Hughes","CLOSED","ERRATA","CVE-2016-9275 CVE-2016-9276 CVE-2016-9480 CVE-2016-9558 libdwarf: various flaws [fedora-all]","2017-04-29 20:19:17"
1436330,"Fedora","ansible1.9","Toshio Ernie Kuratomi","CLOSED","WONTFIX","ansible1.9: ansible: Vault encrypted data exposed on YAML syntax error [fedora-all]","2017-03-27 15:49:16"
1421774,"Fedora","diffoscope","Zbigniew Jędrzejewski-Szmek","CLOSED","ERRATA","CVE-2017-0359 diffoscope: writes to arbitrary locations on disk based on the contents of an untrusted archive [fedora-all]","2017-02-22 12:51:45"
1224067,"Fedora","hawkey",,"CLOSED","NEXTRELEASE","hawkey: Segfaul if repo primary file fails to open","2017-06-21 14:25:35"
1256313,"Fedora","dnf",,"CLOSED","ERRATA","DNF should download packages specified by URL into the cache directory","2017-05-05 09:34:35"
1262573,"Fedora","dnf",,"CLOSED","RAWHIDE","""dnf -q -d 0 install XYZ"" is not quiet, it prints ""Package XYZ... is already installed, skipping.""","2016-12-02 10:32:58"
1267298,"Fedora","dnf",,"CLOSED","RAWHIDE","dnf doesn't handle uncompressed comps.xml","2016-10-04 14:04:19"
1288084,"Fedora","dnf",,"CLOSED","WONTFIX","[UX] Inconsistent error message levels with -e 1 vs -q","2017-05-12 14:11:14"
1403200,"Fedora","mingw-libgsf",,"CLOSED","ERRATA","CVE-2016-9888 mingw-libgsf: libgsf: Null pointer dereference in tar_directory_for_file() [fedora-all]","2017-01-17 14:51:56"
1404283,"Fedora","unzip",,"CLOSED","ERRATA","CVE-2016-9844 unzip: methbuf[] buffer overflow in zipinfo's zi_short() [fedora-all]","2016-12-16 17:23:21"
1427977,"Fedora","GraphicsMagick","Andreas Thienemann","CLOSED","ERRATA","CVE-2017-6335 GraphicsMagick: ImageMagick: Heap out-of-bounds read in tiff.c [fedora-all]","2017-03-11 06:50:18"
1449521,"Fedora","libsndfile","Andreas Thienemann","CLOSED","ERRATA","CVE-2017-8361 CVE-2017-8362 CVE-2017-8363 CVE-2017-8365 libsndfile: various flaws [fedora-all]","2017-06-15 04:20:38"
1401940,"Fedora","gstreamer-plugins-good","Benjamin Otte","CLOSED","CURRENTRELEASE","CVE-2016-9807 CVE-2016-9810 gstreamer-plugins-good: various flaws [fedora-all]","2017-02-08 04:50:53"
1401945,"Fedora","gstreamer-plugins-bad-free","Benjamin Otte","CLOSED","ERRATA","CVE-2016-9809 CVE-2016-9812 CVE-2016-9813 gstreamer-plugins-bad-free: various flaws [fedora-all]","2016-12-15 22:53:32"
1401949,"Fedora","gstreamer-plugins-base","Benjamin Otte","CLOSED","ERRATA","CVE-2016-9811 gstreamer-plugins-base: gstreamer: Out of bounds heap read in windows_icon_typefind [fedora-all]","2016-12-10 21:23:31"
1419608,"Fedora","gstreamer-plugins-good","Benjamin Otte","CLOSED","WONTFIX","CVE-2016-10199 CVE-2017-5840 CVE-2017-5841 CVE-2017-5845 gstreamer-plugins-good: various flaws [fedora-all]","2017-02-08 05:42:36"
1419626,"Fedora","gstreamer","Benjamin Otte","CLOSED","CURRENTRELEASE","CVE-2017-5838 gstreamer: Out-of-bounds read in gst_date_time_new_from_iso8601_string() [fedora-all]","2017-02-08 05:15:33"
1427715,"Fedora","libICE","Benjamin Tissoires","CLOSED","ERRATA","CVE-2017-2626 libICE: weak entropy usage in session keys [fedora-all]","2017-04-01 12:58:45"
1429522,"Fedora","tcpreplay","Bojan Smojver","CLOSED","ERRATA","CVE-2017-6429 tcpreplay: Buffer overflow in Tcpcapinfo utility [fedora-all]","2017-04-08 19:20:12"
1401939,"Fedora","gstreamer1-plugins-good","Brian Pepple","CLOSED","CURRENTRELEASE","CVE-2016-9807 CVE-2016-9810 gstreamer1-plugins-good: various flaws [fedora-all]","2017-02-08 05:02:09"
1401946,"Fedora","gstreamer1-plugins-bad-free","Brian Pepple","CLOSED","ERRATA","CVE-2016-9809 CVE-2016-9812 CVE-2016-9813 gstreamer1-plugins-bad-free: various flaws [fedora-all]","2016-12-09 19:27:13"
1401950,"Fedora","gstreamer1-plugins-base","Brian Pepple","CLOSED","ERRATA","CVE-2016-9811 gstreamer1-plugins-base: gstreamer: Out of bounds heap read in windows_icon_typefind [fedora-all]","2016-12-09 19:26:55"
1419609,"Fedora","gstreamer1-plugins-good","Brian Pepple","CLOSED","CURRENTRELEASE","CVE-2016-10199 CVE-2017-5840 CVE-2017-5841 CVE-2017-5845 gstreamer1-plugins-good: various flaws [fedora-all]","2017-02-08 05:35:35"
1419620,"Fedora","gstreamer1-plugins-base","Brian Pepple","CLOSED","CURRENTRELEASE","CVE-2017-5837 CVE-2017-5839 CVE-2017-5842 CVE-2017-5844 gstreamer1-plugins-base: various flaws [fedora-all]","2017-02-08 05:45:40"
1419627,"Fedora","gstreamer1","Brian Pepple","CLOSED","CURRENTRELEASE","CVE-2017-5838 gstreamer1: gstreamer: Out-of-bounds read in gst_date_time_new_from_iso8601_string() [fedora-all]","2017-02-08 05:09:43"
1403199,"Fedora","libgsf","Caolan McNamara","CLOSED","ERRATA","CVE-2016-9888 libgsf: Null pointer dereference in tar_directory_for_file() [fedora-all]","2016-12-15 22:54:12"
1456828,"Fedora","poppler","Caolan McNamara","CLOSED","ERRATA","CVE-2017-7511 poppler: Null pointer dereference in pdfunite via crafted documents [fedora-all]","2017-06-15 04:20:28"
663467,"Fedora","dbus","Colin Walters","CLOSED","NEXTRELEASE","Not all x11 channels are closed when exiting many X applications","2017-05-31 09:21:04"
1171881,"Fedora","beakerlib","Dalibor Pospíšil","CLOSED","CURRENTRELEASE","Do not pollute stdout with asserts","2017-02-16 03:47:41"
1373480,"Fedora","qemu","Fedora Virtualization Maintainers","CLOSED","ERRATA","CVE-2016-7156 Qemu: scsi: pvscsi: infintie loop when building SG list [fedora-all]","2016-10-18 11:51:52"
1373505,"Fedora","qemu","Fedora Virtualization Maintainers","CLOSED","ERRATA","CVE-2016-7157 Qemu: scsi: mptsas: invalid memory access while building configuration pages [fedora-all]","2016-10-18 07:26:38"
1399054,"Fedora","qemu","Fedora Virtualization Maintainers","CLOSED","ERRATA","CVE-2016-9921 CVE-2016-9922 qemu: Divide by zero vulnerability in cirrus_do_copy [fedora-all]","2017-01-25 15:21:25"
1400830,"Fedora","qemu","Fedora Virtualization Maintainers","CLOSED","ERRATA","CVE-2016-9776 Qemu: net: mcf_fec: infinite loop while receiving data in mcf_fec_receive [fedora-all]","2017-01-25 15:21:31"
1402247,"Fedora","qemu","Fedora Virtualization Maintainers","CLOSED","ERRATA","CVE-2016-9845 Qemu: display: virtio-gpu-3d: information leakage in virgl_cmd_get_capset_info [fedora-all]","2017-01-25 15:21:37"
1402258,"Fedora","qemu","Fedora Virtualization Maintainers","CLOSED","ERRATA","CVE-2016-9846 Qemu: display: virtio-gpu: memory leakage while updating cursor data [fedora-all]","2017-01-25 15:21:43"
1402263,"Fedora","qemu","Fedora Virtualization Maintainers","CLOSED","ERRATA","CVE-2016-9908 Qemu: display: virtio-gpu: information leakage in virgl_cmd_get_capset [fedora-all]","2017-01-25 15:22:16"
1402266,"Fedora","qemu","Fedora Virtualization Maintainers","CLOSED","ERRATA","CVE-2016-9907 Qemu: usb: redirector: memory leakage when destroying redirector [fedora-all]","2017-01-25 15:21:50"
1402273,"Fedora","qemu","Fedora Virtualization Maintainers","CLOSED","ERRATA","CVE-2016-9911 Qemu: usb: ehci: memory leakage in ehci_init_transfer [fedora-all]","2017-01-25 15:21:56"
1402277,"Fedora","qemu","Fedora Virtualization Maintainers","CLOSED","ERRATA","CVE-2016-9913 CVE-2016-9914 CVE-2016-9915 CVE-2016-9916 Qemu: 9pfs: memory leakage via proxy/handle callbacks [fedora-all]","2017-01-25 15:22:03"
1402285,"Fedora","qemu","Fedora Virtualization Maintainers","CLOSED","ERRATA","CVE-2016-9912 Qemu: display: virtio-gpu: memory leakage when destroying gpu resource [fedora-all]","2017-01-25 15:22:23"
1414110,"Fedora","qemu","Fedora Virtualization Maintainers","CLOSED","ERRATA","CVE-2017-5525 Qemu: audio: memory leakage in ac97 [fedora-all]","2017-03-21 12:50:43"
1414210,"Fedora","qemu","Fedora Virtualization Maintainers","CLOSED","ERRATA","CVE-2017-5526 Qemu: audio: memory leakage in es1370 device [fedora-all]","2017-03-21 12:50:50"
1415200,"Fedora","qemu","Fedora Virtualization Maintainers","CLOSED","ERRATA","CVE-2016-10155 Qemu: watchdog: memory leakage in virtual hardware watchdog wdt_i6300esb [fedora-all]","2017-03-21 12:50:56"
1415283,"Fedora","qemu","Fedora Virtualization Maintainers","CLOSED","ERRATA","CVE-2017-5552 Qemu: display: virtio-gpu-3d: memory leakage in virgl_resource_attach_backing [fedora-all]","2017-03-21 12:51:03"
1415797,"Fedora","qemu","Fedora Virtualization Maintainers","CLOSED","ERRATA","CVE-2017-5578 Qemu: display: virtio-gpu: host memory leakage in virtio_gpu_resource_attach_backing [fedora-all]","2017-03-18 15:55:39"
1416161,"Fedora","qemu","Fedora Virtualization Maintainers","CLOSED","ERRATA","CVE-2017-5579 Qemu: serial: host memory leakage 16550A UART emulation [fedora-all]","2017-05-12 15:22:41"
1418344,"Fedora","qemu","Fedora Virtualization Maintainers","CLOSED","ERRATA","CVE-2017-5856 Qemu: scsi: megasas: host memory leakage in megasas_handle_dcmd [fedora-all]","2017-03-21 12:51:23"
1418383,"Fedora","qemu","Fedora Virtualization Maintainers","CLOSED","ERRATA","CVE-2017-5857 Qemu: display: virtio-gpu-3d: host memory leakage in virgl_cmd_resource_unref [fedora-all]","2017-03-21 12:51:17"
1422001,"Fedora","qemu","Fedora Virtualization Maintainers","CLOSED","ERRATA","CVE-2017-5987 Qemu: sd: infinite loop issue in multi block transfers [fedora-all]","2017-03-21 12:51:36"
1429434,"Fedora","qemu","Fedora Virtualization Maintainers","CLOSED","ERRATA","CVE-2017-6505 Qemu: usb: an infinite loop issue in ohci_service_ed_list [fedora-all]","2017-03-21 12:51:43"
1409836,"Fedora","qpid-java","gil cattaneo","CLOSED","ERRATA","CVE-2016-8741 qpid-java: Information leakage via specific AuthenticationProviders [fedora-all]","2017-01-12 00:24:04"
1409609,"Fedora","python-tqdm","Igor Gnatenko","CLOSED","ERRATA","CVE-2016-10075 python-tqdm: insecure use of 'git log' command [fedora-all]","2017-02-20 14:19:37"
1297087,"Fedora","dnf","Jaroslav Mracek","CLOSED","RAWHIDE","[RFE] Implementation of localpkg_gpgcheck option for checking gpg signature for local packages or packages specified by URL","2016-10-04 14:06:31"
1405149,"Fedora","jasper","Josef Ridky","CLOSED","ERRATA","CVE-2016-9583 jasper: Out of bounds heap read in jpc_pi_nextpcrl() [fedora-all]","2017-02-03 16:48:58"
1419545,"Fedora","netpbm","Josef Ridky","CLOSED","ERRATA","CVE-2017-2586 CVE-2017-2587 CVE-2017-5849 netpbm: various flaws [fedora-all]","2017-03-01 19:49:22"
1439191,"Fedora","curl","Kamil Dudka","CLOSED","ERRATA","CVE-2017-7407 curl: --write-out out of bounds read [fedora-all]","2017-04-11 09:46:17"
1413902,"Fedora","ed","Karsten Hopp","CLOSED","ERRATA","CVE-2017-5357 ed: Invalid free in regex.c [fedora-all]","2017-01-20 12:54:43"
1400469,"Fedora","kernel","Kernel Maintainer List","CLOSED","ERRATA","CVE-2016-9756 Kernel: kvm: stack memory information leakage [fedora-all]","2016-12-09 21:52:07"
1403834,"Fedora","kernel","Kernel Maintainer List","CLOSED","ERRATA","CVE-2016-8399 kernel: net: Out of bounds stack read in memcpy_fromiovec [fedora-all]","2016-12-16 17:23:16"
1435740,"Fedora","kernel","Kernel Maintainer List","CLOSED","ERRATA","CVE-2017-7261 kernel: drm/vmwgfx: check that number of mip levels is above zero [fedora-all]","2017-04-03 18:54:15"
1446566,"Fedora","kernel","Kernel Maintainer List","CLOSED","ERRATA","CVE-2016-9604 kernel: security: The built-in keyrings for security tokens can be joined as a session and then modified by the root user [fedora-all]","2017-05-04 14:24:33"
1457213,"Fedora","kernel","Kernel Maintainer List","CLOSED","CURRENTRELEASE","CVE-2017-8925 kernel: Reference count mishandling in the omninet_open function [fedora-all]","2017-05-31 08:07:09"
1463314,"Fedora","kernel","Kernel Maintainer List","CLOSED","ERRATA","CVE-2017-1000380 kernel: information leak due to a data race in ALSA timer [fedora-all]","2017-06-21 14:05:22"
1419611,"Fedora","mingw-gstreamer1-plugins-good","Marc-Andre Lureau","CLOSED","ERRATA","CVE-2016-10199 CVE-2017-5840 CVE-2017-5841 CVE-2017-5845 mingw-gstreamer1-plugins-good: various flaws [fedora-all]","2017-02-20 13:50:33"
1427834,"Fedora","libcacard","Marc-Andre Lureau","CLOSED","ERRATA","CVE-2017-6414 Qemu: libcacard: host memory leakage while creating new APDU [fedora-all]","2017-03-03 16:50:21"
1438465,"Fedora","mingw-libtiff","Michael Cronenworth","CLOSED","ERRATA","mingw-libtiff: various flaws [fedora-all]","2017-06-09 15:25:21"
1439192,"Fedora","mingw-curl","Michael Cronenworth","CLOSED","RAWHIDE","CVE-2017-7407 mingw-curl: curl: --write-out out of bounds read [fedora-all]","2017-06-04 16:00:22"
1449533,"Fedora","mingw-libarchive","Michael Cronenworth","CLOSED","RAWHIDE","CVE-2016-10349 CVE-2016-10350 mingw-libarchive: various flaws [fedora-all]","2017-06-04 16:07:02"
1458907,"Fedora","mingw-libtiff","Michael Cronenworth","CLOSED","ERRATA","CVE-2017-9403 CVE-2017-9404 mingw-libtiff: various flaws [fedora-all]","2017-06-09 15:26:40"
1432945,"Fedora","audiofile","Michael Schwendt","CLOSED","CURRENTRELEASE","CVE-2017-6827 CVE-2017-6828 CVE-2017-6829 CVE-2017-6830 CVE-2017-6831 CVE-2017-6832 CVE-2017-6833 CVE-2017-6834 CVE-2017-6836 CVE-2017-6835 CVE-2017-6837 CVE-2017-6838 CVE-2017-6839 audiofile: various flaws [fedora-all]","2017-03-17 04:17:38"
1399055,"Fedora","xen","Michael Young","CLOSED","ERRATA","CVE-2016-9921 CVE-2016-9922 xen: qemu: Divide by zero vulnerability in cirrus_do_copy [fedora-all]","2016-12-23 08:50:41"
1402278,"Fedora","xen","Michael Young","CLOSED","ERRATA","CVE-2016-9913 CVE-2016-9914 CVE-2016-9915 CVE-2016-9916 xen: Qemu: 9pfs: memory leakage via proxy/handle callbacks [fedora-all]","2016-12-23 08:50:45"
1414111,"Fedora","xen","Michael Young","CLOSED","ERRATA","CVE-2017-5525 xen: Qemu: audio: memory leakage in ac97 [fedora-all]","2017-02-25 19:19:01"
1414211,"Fedora","xen","Michael Young","CLOSED","ERRATA","CVE-2017-5526 xen: Qemu: audio: memory leakage in es1370 device [fedora-all]","2017-02-25 19:19:27"
1429433,"Fedora","xen","Michael Young","CLOSED","ERRATA","CVE-2017-6505 xen: Qemu: usb: an infinite loop issue in ohci_service_ed_list [fedora-all]","2017-03-20 23:21:07"
1437873,"Fedora","xen","Michael Young","CLOSED","ERRATA","CVE-2017-7377 xen: Qemu: 9pfs: host memory leakage via v9fs_create [fedora-all]","2017-04-14 18:18:10"
1451384,"Fedora","yara","Michal Ambroz","CLOSED","ERRATA","CVE-2017-8929 yara: Use-after-free in sized_string_cmp function [fedora-all]","2017-06-17 22:21:17"
1441457,"Fedora","dovecot","Michal Hlavinka","CLOSED","ERRATA","CVE-2017-2669 dovecot: Dovecot DoS when passdb dict was used for authentication [fedora-all]","2017-04-27 16:51:54"
1454662,"Fedora","opencv","Nicolas Chauvet (kwizart)","CLOSED","CANTFIX","CVE-2017-9147 opencv: libtiff: Out of bounds read in _TIFFVGetField [fedora-all]","2017-05-23 05:58:33"
1409620,"Fedora","libpng10","Paul Howarth","CLOSED","ERRATA","CVE-2016-10087 libpng10: libpng: NULL pointer dereference in png_set_text_2() [fedora-all]","2017-01-07 17:49:14"
1403891,"Fedora","mapserver","Pavel Lisý","CLOSED","ERRATA","CVE-2016-9839 mapserver: Too verbose messages from OGR driver [fedora-all]","2016-12-20 13:19:09"
1439705,"Fedora","libarchive","Pavel Raiskup","CLOSED","ERRATA","CVE-2016-10209 libarchive: NULL pointer dereference in archive_wstring_append_from_mbs function [fedora-all]","2017-04-22 05:22:59"
1424762,"Fedora","mupdf","Pavel Zhukov","CLOSED","ERRATA","Install size is too big","2017-03-23 13:21:05"
1429998,"Fedora","mupdf","Pavel Zhukov","CLOSED","CURRENTRELEASE","CVE-2017-5991 mupdf: NULL pointer dereference in the pdf_run_xobject function [fedora-all]","2017-03-08 03:21:46"
1436293,"Fedora","mupdf","Pavel Zhukov","CLOSED","ERRATA","CVE-2017-7264 mupdf: use-after-free in fz_subsample_pixmap (pixmap.c) [fedora-all]","2017-03-27 11:21:16"
1439643,"Fedora","mupdf","Pavel Zhukov","CLOSED","ERRATA","CVE-2016-10221 mupdf: count_entries function in pdf-layer.c allows stack consumption [fedora-all]","2017-04-20 08:02:24"
1443898,"Fedora","jbig2dec","Pavel Zhukov","CLOSED","ERRATA","CVE-2017-7885 CVE-2017-7975 CVE-2017-7976 jbig2dec: various flaws [fedora-all]","2017-05-19 19:01:59"
1443933,"Fedora","mupdf","Pavel Zhukov","CLOSED","ERRATA","CVE-2017-7885 CVE-2017-7975 CVE-2017-7976 mupdf: various flaws [fedora-all]","2017-05-28 02:00:51"
1419622,"Fedora","mingw-gstreamer1-plugins-base","Paweł Forysiuk","CLOSED","ERRATA","CVE-2017-5837 CVE-2017-5839 CVE-2017-5842 CVE-2017-5844 mingw-gstreamer1-plugins-base: various flaws [fedora-all]","2017-02-20 13:49:32"
1419629,"Fedora","mingw-gstreamer1","Paweł Forysiuk","CLOSED","ERRATA","CVE-2017-5838 mingw-gstreamer1: gstreamer: Out-of-bounds read in gst_date_time_new_from_iso8601_string() [fedora-all]","2017-02-20 13:49:13"
1409619,"Fedora","libpng","Petr Hracek","CLOSED","CURRENTRELEASE","CVE-2016-10087 libpng: NULL pointer dereference in png_set_text_2() [fedora-all]","2017-04-04 07:32:01"
1409621,"Fedora","libpng12","Petr Hracek","CLOSED","ERRATA","CVE-2016-10087 libpng12: libpng: NULL pointer dereference in png_set_text_2() [fedora-all]","2017-04-18 02:24:41"
1409622,"Fedora","libpng15","Petr Hracek","CLOSED","ERRATA","CVE-2016-10087 libpng15: libpng: NULL pointer dereference in png_set_text_2() [fedora-all]","2017-04-13 02:39:19"
1438464,"Fedora","libtiff","Petr Hracek","CLOSED","ERRATA","CVE-2016-10266 CVE-2016-10267 CVE-2016-10268 CVE-2016-10269 CVE-2016-10270 CVE-2016-10271 CVE-2016-10272 libtiff: various flaws [fedora-all]","2017-04-11 03:00:51"
1441273,"Fedora","libtiff","Petr Hracek","CLOSED","ERRATA","CVE-2017-7592 CVE-2017-7593 CVE-2017-7594 CVE-2017-7595 CVE-2017-7596 CVE-2017-7597 CVE-2017-7598 CVE-2017-7599 CVE-2017-7600 CVE-2017-7601 CVE-2017-7602 libtiff: various flaws [fedora-all]","2017-04-18 02:23:33"
1449536,"Fedora","libtiff","Petr Hracek","CLOSED","CURRENTRELEASE","CVE-2016-10371 libtiff: Assertion failure in TIFFWriteDirectoryTagCheckedRational [fedora-all]","2017-05-10 07:05:54"
1437365,"Fedora","pcre","Petr Pisar","CLOSED","ERRATA","CVE-2017-7244 pcre: invalid memory read in _pcre32_xclass (pcre_xclass.c) [fedora-all]","2017-03-30 06:50:17"
1437368,"Fedora","pcre","Petr Pisar","CLOSED","ERRATA","CVE-2017-7245 pcre: stack-based buffer overflow write in pcre32_copy_substring [fedora-all]","2017-03-30 08:00:39"
1437370,"Fedora","pcre","Petr Pisar","CLOSED","ERRATA","CVE-2017-7246 pcre: invalid memory read in _pcre32_xclass (pcre_xclass.c) [fedora-all]","2017-03-30 08:00:31"
1453200,"Fedora","mingw-poppler","Sandro Mani","CLOSED","ERRATA","CVE-2017-9083 mingw-poppler: poppler: Null pointer dereference in the JPXStream::readUByte function [fedora-all]","2017-06-09 15:16:58"
1456829,"Fedora","mingw-poppler","Sandro Mani","CLOSED","ERRATA","CVE-2017-7511 mingw-poppler: poppler: Null pointer dereference in pdfunite via crafted documents [fedora-all]","2017-06-09 15:16:56"
1241507,"Fedora","dnf","Štěpán Smetana","CLOSED","RAWHIDE","failovermethod=priority does not work","2016-11-29 05:00:45"
1400895,"Fedora","botan","Thomas Moschny","CLOSED","ERRATA","CVE-2016-9132 botan: Integer overflow in BER decoder [fedora-all]","2016-12-22 13:17:59"
1459890,"Fedora","libgcrypt","Tomas Mraz","CLOSED","ERRATA","CVE-2017-9526 libgcrypt: Possible timing attack on EdDSA session key [fedora-all]","2017-06-13 11:30:06"
1404638,"Fedora","golang","Vincent Batts","CLOSED","ERRATA","golang: User's trust preferences for root certificates were not honored [fedora-all]","2017-01-19 06:27:38"